ATTEMPT, PopulationSize, RandomInitValues, Sensitivity, MutationCycle, RecombinationRate, RecombinationType, MutationRate, MutationType, SelectionSize, Version, Performance, Terrain, RobotIndex, NoSections, NoLegs, IsTailEnabled, BodyColour, MaintainSerpentine, MaintainGait, UniformBody, Section No, AngleConstraint, RotationMultiplier, IsRotating, UseSin, IsDriving, DriveVelocity, Size, Mass, Section No, AngleConstraint, RotationMultiplier, IsRotating, UseSin, IsDriving, DriveVelocity, Size, Mass, Section No, AngleConstraint, RotationMultiplier, IsRotating, UseSin, IsDriving, DriveVelocity, Size, Mass, Section No, AngleConstraint, RotationMultiplier, IsRotating, UseSin, IsDriving, DriveVelocity, Size, Mass, Section No, AngleConstraint, RotationMultiplier, IsRotating, UseSin, IsDriving, DriveVelocity, Size, Mass, Section No, AngleConstraint, RotationMultiplier, IsRotating, UseSin, IsDriving, DriveVelocity, Size, Mass, Section No, AngleConstraint, RotationMultiplier, IsRotating, UseSin, IsDriving, DriveVelocity, Size, Mass, Section No, AngleConstraint, RotationMultiplier, IsRotating, UseSin, IsDriving, DriveVelocity, Size, Mass, Section No, AngleConstraint, RotationMultiplier, IsRotating, UseSin, IsDriving, DriveVelocity, Size, Mass, Section No, AngleConstraint, RotationMultiplier, IsRotating, UseSin, IsDriving, DriveVelocity, Size, Mass, Leg No, AttachedBody, Position, AngleConstraint, RotationMultiplier, Length, Mass, AngleOffset, GaitMultiplier, Leg No, AttachedBody, Position, AngleConstraint, RotationMultiplier, Length, Mass, AngleOffset, GaitMultiplier, Leg No, AttachedBody, Position, AngleConstraint, RotationMultiplier, Length, Mass, AngleOffset, GaitMultiplier, Leg No, AttachedBody, Position, AngleConstraint, RotationMultiplier, Length, Mass, AngleOffset, GaitMultiplier, Leg No, AttachedBody, Position, AngleConstraint, RotationMultiplier, Length, Mass, AngleOffset, GaitMultiplier, Leg No, AttachedBody, Position, AngleConstraint, RotationMultiplier, Length, Mass, AngleOffset, GaitMultiplier, Leg No, AttachedBody, Position, AngleConstraint, RotationMultiplier, Length, Mass, AngleOffset, GaitMultiplier, Leg No, AttachedBody, Position, AngleConstraint, RotationMultiplier, Length, Mass, AngleOffset, GaitMultiplier, Leg No, AttachedBody, Position, AngleConstraint, RotationMultiplier, Length, Mass, AngleOffset, GaitMultiplier, Leg No, AttachedBody, Position, AngleConstraint, RotationMultiplier, Length, Mass, AngleOffset, GaitMultiplier, Leg No, AttachedBody, Position, AngleConstraint, RotationMultiplier, Length, Mass, AngleOffset, GaitMultiplier, Leg No, AttachedBody, Position, AngleConstraint, RotationMultiplier, Length, Mass, AngleOffset, GaitMultiplier, Leg No, AttachedBody, Position, AngleConstraint, RotationMultiplier, Length, Mass, AngleOffset, GaitMultiplier, Leg No, AttachedBody, Position, AngleConstraint, RotationMultiplier, Length, Mass, AngleOffset, GaitMultiplier, Leg No, AttachedBody, Position, AngleConstraint, RotationMultiplier, Length, Mass, AngleOffset, GaitMultiplier, Leg No, AttachedBody, Position, AngleConstraint, RotationMultiplier, Length, Mass, AngleOffset, GaitMultiplier, Leg No, AttachedBody, Position, AngleConstraint, RotationMultiplier, Length, Mass, AngleOffset, GaitMultiplier, Leg No, AttachedBody, Position, AngleConstraint, RotationMultiplier, Length, Mass, AngleOffset, GaitMultiplier, Leg No, AttachedBody, Position, AngleConstraint, RotationMultiplier, Length, Mass, AngleOffset, GaitMultiplier, Leg No, AttachedBody, Position, AngleConstraint, RotationMultiplier, Length, Mass, AngleOffset, GaitMultiplier, Tail No, AngleConstraint, RotationMultiplier, TailMassMultiplier, Length, 
1,50, True,20,2,0.77, Any,0.31, Movement,9,19,108.2528, Uneven,11,7,0, True,69, True, True, True,0, (52.0 - 177.1 - 115.5), (0.7 - 0.8 - 0.2), True, True, False,1.084562,1.476919,0.5048614,1, (155.7 - 38.6 - 128.5), (0.1 - 0.1 - 0.9), True, False, True,1.162106,1.476919,0.5048614,2, (119.5 - 150.1 - 100.6), (0.9 - 0.0 - 0.2), False, True, True,0.4280732,1.476919,0.5048614,3, (60.5 - 123.7 - 3.8), (1.0 - 0.4 - 0.0), True, True, True,0.1742321,1.476919,0.5048614,4, (48.9 - 4.2 - 59.7), (0.9 - 0.6 - 1.0), False, True, True,0.2888287,1.476919,0.5048614,5, (92.3 - 147.8 - 165.7), (0.6 - 0.1 - 0.3), True, False, False,0.5719353,1.476919,0.5048614,6, (133.8 - 27.7 - 19.8), (0.5 - 0.9 - 0.1), False, False, True,1.277033,1.476919,0.5048614,7, -, -, -, -, -, -, -, -,8, -, -, -, -, -, -, -, -,9, -, -, -, -, -, -, -, -,0, -, -, -, -, -, -, -, -,1, -, -, -, -, -, -, -, -,2, -, -, -, -, -, -, -, -,3, -, -, -, -, -, -, -, -,4, -, -, -, -, -, -, -, -,5, -, -, -, -, -, -, -, -,6, -, -, -, -, -, -, -, -,7, -, -, -, -, -, -, -, -,8, -, -, -, -, -, -, -, -,9, -, -, -, -, -, -, -, -,10, -, -, -, -, -, -, -, -,11, -, -, -, -, -, -, -, -,12, -, -, -, -, -, -, -, -,13, -, -, -, -, -, -, -, -,14, -, -, -, -, -, -, -, -,15, -, -, -, -, -, -, -, -,16, -, -, -, -, -, -, -, -,17, -, -, -, -, -, -, -, -,18, -, -, -, -, -, -, -, -,19, -, -, -, -, -, -, -, -,0, (13.7 - 19.7 - 118.6), (0.1 - 0.2 - 0.5),1.397971,2.176612, 
2,50, True,20,2,0.77, Any,0.31, Physical,9,15,51.01426, Uneven,13,8,0, True,56.87816, False, False, True,0, (111.3 - 119.4 - 0.0), (0.4 - 0.1 - 0.2), True, True, False,1.279208,1.22505,0.6942261,1, (111.3 - 119.4 - 0.0), (0.4 - 0.1 - 0.2), True, True, False,1.279208,1.22505,0.6942261,2, (111.3 - 119.4 - 0.0), (0.4 - 0.1 - 0.2), True, True, False,1.279208,1.22505,0.6942261,3, (111.3 - 119.4 - 0.0), (0.4 - 0.1 - 0.2), True, True, False,1.279208,1.22505,0.6942261,4, (111.3 - 119.4 - 0.0), (0.4 - 0.1 - 0.2), True, True, False,1.279208,1.22505,0.6942261,5, (111.3 - 119.4 - 0.0), (0.4 - 0.1 - 0.2), True, True, False,1.279208,1.22505,0.6942261,6, (111.3 - 119.4 - 0.0), (0.4 - 0.1 - 0.2), True, True, False,1.279208,1.22505,0.6942261,7, (111.3 - 119.4 - 0.0), (0.4 - 0.1 - 0.2), True, True, False,1.279208,1.22505,0.6942261,8, -, -, -, -, -, -, -, -,9, -, -, -, -, -, -, -, -,0, -, -, -, -, -, -, -, -,1, -, -, -, -, -, -, -, -,2, -, -, -, -, -, -, -, -,3, -, -, -, -, -, -, -, -,4, -, -, -, -, -, -, -, -,5, -, -, -, -, -, -, -, -,6, -, -, -, -, -, -, -, -,7, -, -, -, -, -, -, -, -,8, -, -, -, -, -, -, -, -,9, -, -, -, -, -, -, -, -,10, -, -, -, -, -, -, -, -,11, -, -, -, -, -, -, -, -,12, -, -, -, -, -, -, -, -,13, -, -, -, -, -, -, -, -,14, -, -, -, -, -, -, -, -,15, -, -, -, -, -, -, -, -,16, -, -, -, -, -, -, -, -,17, -, -, -, -, -, -, -, -,18, -, -, -, -, -, -, -, -,19, -, -, -, -, -, -, -, -,0, (9.3 - 6.5 - 120.6), (0.3 - 0.1 - 0.3),1.238042,3.478285, 
3,50, True,20,2,0.77, Any,0.31, Both,9,8,40.86829, Uneven,8,8,0, True,0, True, True, True,0, (134.8 - 165.8 - 50.9), (0.8 - 0.9 - 0.4), False, True, True,1.213268,1.400564,0.5824218,1, (134.8 - 165.8 - 50.9), (0.8 - 0.9 - 0.4), False, True, True,1.213268,1.400564,0.5824218,2, (134.8 - 165.8 - 50.9), (0.8 - 0.9 - 0.4), False, True, True,1.213268,1.400564,0.5824218,3, (134.8 - 165.8 - 50.9), (0.8 - 0.9 - 0.4), False, True, True,1.213268,1.400564,0.5824218,4, (134.8 - 165.8 - 50.9), (0.8 - 0.9 - 0.4), False, True, True,1.213268,1.400564,0.5824218,5, (134.8 - 165.8 - 50.9), (0.8 - 0.9 - 0.4), False, True, True,1.213268,1.400564,0.5824218,6, (134.8 - 165.8 - 50.9), (0.8 - 0.9 - 0.4), False, True, True,1.213268,1.400564,0.5824218,7, (134.8 - 165.8 - 50.9), (0.8 - 0.9 - 0.4), False, True, True,1.213268,1.400564,0.5824218,8, -, -, -, -, -, -, -, -,9, -, -, -, -, -, -, -, -,0, -, -, -, -, -, -, -, -,1, -, -, -, -, -, -, -, -,2, -, -, -, -, -, -, -, -,3, -, -, -, -, -, -, -, -,4, -, -, -, -, -, -, -, -,5, -, -, -, -, -, -, -, -,6, -, -, -, -, -, -, -, -,7, -, -, -, -, -, -, -, -,8, -, -, -, -, -, -, -, -,9, -, -, -, -, -, -, -, -,10, -, -, -, -, -, -, -, -,11, -, -, -, -, -, -, -, -,12, -, -, -, -, -, -, -, -,13, -, -, -, -, -, -, -, -,14, -, -, -, -, -, -, -, -,15, -, -, -, -, -, -, -, -,16, -, -, -, -, -, -, -, -,17, -, -, -, -, -, -, -, -,18, -, -, -, -, -, -, -, -,19, -, -, -, -, -, -, -, -,0, (88.7 - 69.0 - 88.7), (0.4 - 0.5 - 0.5),1.267372,1.566066, 
1,50, True,20,2,0.77, Any,0.31, Movement,9,4,74.00574, Uneven,11,7,0, True,69, False, True, True,0, (52.0 - 177.1 - 115.5), (0.9 - 0.3 - 0.9), True, True, False,0.97329,1.476919,0.5048614,1, (155.7 - 38.6 - 128.5), (0.7 - 0.2 - 0.2), False, True, False,1.492106,1.476919,0.5048614,2, (119.5 - 150.1 - 100.6), (0.8 - 0.6 - 0.3), True, True, True,1.265193,1.476919,0.5048614,3, (60.5 - 123.7 - 3.8), (0.3 - 0.7 - 0.9), False, False, False,1.294031,1.476919,0.5048614,4, (48.9 - 4.2 - 59.7), (0.5 - 0.9 - 0.3), True, False, True,1.283222,1.476919,0.5048614,5, (92.3 - 147.8 - 165.7), (0.2 - 0.1 - 0.0), False, True, True,0.4012623,1.476919,0.5048614,6, (133.8 - 27.7 - 19.8), (0.9 - 0.3 - 0.1), False, True, False,0.4720781,1.476919,0.5048614,7, -, -, -, -, -, -, -, -,8, -, -, -, -, -, -, -, -,9, -, -, -, -, -, -, -, -,0, -, -, -, -, -, -, -, -,1, -, -, -, -, -, -, -, -,2, -, -, -, -, -, -, -, -,3, -, -, -, -, -, -, -, -,4, -, -, -, -, -, -, -, -,5, -, -, -, -, -, -, -, -,6, -, -, -, -, -, -, -, -,7, -, -, -, -, -, -, -, -,8, -, -, -, -, -, -, -, -,9, -, -, -, -, -, -, -, -,10, -, -, -, -, -, -, -, -,11, -, -, -, -, -, -, -, -,12, -, -, -, -, -, -, -, -,13, -, -, -, -, -, -, -, -,14, -, -, -, -, -, -, -, -,15, -, -, -, -, -, -, -, -,16, -, -, -, -, -, -, -, -,17, -, -, -, -, -, -, -, -,18, -, -, -, -, -, -, -, -,19, -, -, -, -, -, -, -, -,0, (13.7 - 19.7 - 118.6), (0.3 - 0.6 - 1.0),1.397971,3.394348, 
2,50, True,20,2,0.77, Any,0.31, Physical,9,5,53.50783, Uneven,13,8,0, True,31.13029, False, False, True,0, (133.1 - 179.5 - 140.5), (0.4 - 0.1 - 0.2), True, True, False,1.279208,1.030564,0.6547341,1, (120.4 - 6.8 - 79.4), (0.7 - 0.1 - 1.0), True, False, False,0.8104417,0.6823082,0.9247341,2, (126.8 - 93.2 - 110.0), (0.6 - 0.1 - 0.6), True, True, False,1.044825,0.9554642,0.7897341,3, (126.8 - 93.2 - 110.0), (0.6 - 0.1 - 0.6), True, True, False,1.044825,0.6723082,0.9553521,4, (126.8 - 93.2 - 110.0), (0.6 - 0.1 - 0.6), True, True, False,1.044825,0.9554642,0.7897341,5, (126.8 - 93.2 - 110.0), (0.6 - 0.1 - 0.6), True, True, False,1.044825,0.9554642,0.7897341,6, (126.8 - 93.2 - 110.0), (0.6 - 0.1 - 0.6), True, True, False,1.044825,0.6723082,0.9553521,7, (126.8 - 93.2 - 110.0), (0.6 - 0.1 - 0.6), True, True, False,1.044825,0.9554642,0.7897342,8, -, -, -, -, -, -, -, -,9, -, -, -, -, -, -, -, -,0, -, -, -, -, -, -, -, -,1, -, -, -, -, -, -, -, -,2, -, -, -, -, -, -, -, -,3, -, -, -, -, -, -, -, -,4, -, -, -, -, -, -, -, -,5, -, -, -, -, -, -, -, -,6, -, -, -, -, -, -, -, -,7, -, -, -, -, -, -, -, -,8, -, -, -, -, -, -, -, -,9, -, -, -, -, -, -, -, -,10, -, -, -, -, -, -, -, -,11, -, -, -, -, -, -, -, -,12, -, -, -, -, -, -, -, -,13, -, -, -, -, -, -, -, -,14, -, -, -, -, -, -, -, -,15, -, -, -, -, -, -, -, -,16, -, -, -, -, -, -, -, -,17, -, -, -, -, -, -, -, -,18, -, -, -, -, -, -, -, -,19, -, -, -, -, -, -, -, -,0, (73.3 - 113.6 - 15.2), (0.3 - 0.1 - 0.3),0.9368242,1.352188, 
3,50, True,20,2,0.77, Any,0.31, Both,9,18,58.46801, Uneven,49,1,0, False,52.7189, True, True, False,0, (20.8 - 7.7 - 138.0), (0.6 - 0.5 - 0.4), True, True, True,0.9676191,1.353592,0.5427698,1, -, -, -, -, -, -, -, -,2, -, -, -, -, -, -, -, -,3, -, -, -, -, -, -, -, -,4, -, -, -, -, -, -, -, -,5, -, -, -, -, -, -, -, -,6, -, -, -, -, -, -, -, -,7, -, -, -, -, -, -, -, -,8, -, -, -, -, -, -, -, -,9, -, -, -, -, -, -, -, -,0, -, -, -, -, -, -, -, -,1, -, -, -, -, -, -, -, -,2, -, -, -, -, -, -, -, -,3, -, -, -, -, -, -, -, -,4, -, -, -, -, -, -, -, -,5, -, -, -, -, -, -, -, -,6, -, -, -, -, -, -, -, -,7, -, -, -, -, -, -, -, -,8, -, -, -, -, -, -, -, -,9, -, -, -, -, -, -, -, -,10, -, -, -, -, -, -, -, -,11, -, -, -, -, -, -, -, -,12, -, -, -, -, -, -, -, -,13, -, -, -, -, -, -, -, -,14, -, -, -, -, -, -, -, -,15, -, -, -, -, -, -, -, -,16, -, -, -, -, -, -, -, -,17, -, -, -, -, -, -, -, -,18, -, -, -, -, -, -, -, -,19, -, -, -, -, -, -, -, -,0, -, -, -, -, 
1,50, True,20,2,0.77, Any,0.31, Movement,9,10,101.2358, Uneven,11,7,0, True,69, True, True, True,0, (52.0 - 177.1 - 115.5), (0.5 - 0.7 - 0.4), True, True, True,1.473831,1.476919,0.5048614,1, (155.7 - 38.6 - 128.5), (0.0 - 0.2 - 0.9), False, False, False,0.9726759,1.476919,0.5048614,2, (119.5 - 150.1 - 100.6), (0.1 - 0.4 - 0.9), True, False, True,1.00763,1.476919,0.5048614,3, (60.5 - 123.7 - 3.8), (0.3 - 0.7 - 0.4), True, True, True,1.309031,1.476919,0.5048614,4, (48.9 - 4.2 - 59.7), (0.8 - 0.6 - 0.9), False, True, True,0.6093481,1.476919,0.5048614,5, (92.3 - 147.8 - 165.7), (0.2 - 0.1 - 1.0), False, False, False,0.3751821,1.476919,0.5048614,6, (133.8 - 27.7 - 19.8), (0.9 - 0.2 - 0.1), False, False, True,0.4570781,1.476919,0.5048614,7, -, -, -, -, -, -, -, -,8, -, -, -, -, -, -, -, -,9, -, -, -, -, -, -, -, -,0, -, -, -, -, -, -, -, -,1, -, -, -, -, -, -, -, -,2, -, -, -, -, -, -, -, -,3, -, -, -, -, -, -, -, -,4, -, -, -, -, -, -, -, -,5, -, -, -, -, -, -, -, -,6, -, -, -, -, -, -, -, -,7, -, -, -, -, -, -, -, -,8, -, -, -, -, -, -, -, -,9, -, -, -, -, -, -, -, -,10, -, -, -, -, -, -, -, -,11, -, -, -, -, -, -, -, -,12, -, -, -, -, -, -, -, -,13, -, -, -, -, -, -, -, -,14, -, -, -, -, -, -, -, -,15, -, -, -, -, -, -, -, -,16, -, -, -, -, -, -, -, -,17, -, -, -, -, -, -, -, -,18, -, -, -, -, -, -, -, -,19, -, -, -, -, -, -, -, -,0, (13.7 - 19.7 - 118.6), (0.1 - 0.7 - 0.7),1.397971,2.624876, 
2,50, True,20,2,0.77, Any,0.31, Physical,9,13,91.01844, Uneven,41,1,0, False,73.96893, False, False, False,0, (148.2 - 17.3 - 144.6), (0.8 - 0.9 - 0.3), True, True, False,1.036232,1.457572,1.239807,1, -, -, -, -, -, -, -, -,2, -, -, -, -, -, -, -, -,3, -, -, -, -, -, -, -, -,4, -, -, -, -, -, -, -, -,5, -, -, -, -, -, -, -, -,6, -, -, -, -, -, -, -, -,7, -, -, -, -, -, -, -, -,8, -, -, -, -, -, -, -, -,9, -, -, -, -, -, -, -, -,0, -, -, -, -, -, -, -, -,1, -, -, -, -, -, -, -, -,2, -, -, -, -, -, -, -, -,3, -, -, -, -, -, -, -, -,4, -, -, -, -, -, -, -, -,5, -, -, -, -, -, -, -, -,6, -, -, -, -, -, -, -, -,7, -, -, -, -, -, -, -, -,8, -, -, -, -, -, -, -, -,9, -, -, -, -, -, -, -, -,10, -, -, -, -, -, -, -, -,11, -, -, -, -, -, -, -, -,12, -, -, -, -, -, -, -, -,13, -, -, -, -, -, -, -, -,14, -, -, -, -, -, -, -, -,15, -, -, -, -, -, -, -, -,16, -, -, -, -, -, -, -, -,17, -, -, -, -, -, -, -, -,18, -, -, -, -, -, -, -, -,19, -, -, -, -, -, -, -, -,0, -, -, -, -, 
3,50, True,20,2,0.77, Any,0.31, Both,9,13,42.03418, Uneven,45,3,0, True,77.86815, False, True, True,0, (38.3 - 134.0 - 110.6), (0.7 - 0.5 - 0.2), True, True, False,0.2900905,1.19896,0.7004423,1, (49.3 - 164.0 - 118.6), (0.9 - 0.3 - 0.9), True, False, False,1.471732,1.32368,1.195405,2, (122.3 - 164.0 - 124.6), (0.5 - 0.5 - 0.2), False, True, False,0.9275906,1.117446,1.14591,3, -, -, -, -, -, -, -, -,4, -, -, -, -, -, -, -, -,5, -, -, -, -, -, -, -, -,6, -, -, -, -, -, -, -, -,7, -, -, -, -, -, -, -, -,8, -, -, -, -, -, -, -, -,9, -, -, -, -, -, -, -, -,0, -, -, -, -, -, -, -, -,1, -, -, -, -, -, -, -, -,2, -, -, -, -, -, -, -, -,3, -, -, -, -, -, -, -, -,4, -, -, -, -, -, -, -, -,5, -, -, -, -, -, -, -, -,6, -, -, -, -, -, -, -, -,7, -, -, -, -, -, -, -, -,8, -, -, -, -, -, -, -, -,9, -, -, -, -, -, -, -, -,10, -, -, -, -, -, -, -, -,11, -, -, -, -, -, -, -, -,12, -, -, -, -, -, -, -, -,13, -, -, -, -, -, -, -, -,14, -, -, -, -, -, -, -, -,15, -, -, -, -, -, -, -, -,16, -, -, -, -, -, -, -, -,17, -, -, -, -, -, -, -, -,18, -, -, -, -, -, -, -, -,19, -, -, -, -, -, -, -, -,0, (154.7 - 176.2 - 139.2), (0.2 - 0.4 - 0.5),1.343422,2.969134, 
1,50, True,20,2,0.77, PhysicalLikeness,0.31, Both,9,11,32.5502, Uneven,9,1,0, False,59, False, True, True,0, (9.0 - 176.0 - 18.4), (0.2 - 0.3 - 0.9), True, True, True,0.9676191,1.191005,0.9686906,1, -, -, -, -, -, -, -, -,2, -, -, -, -, -, -, -, -,3, -, -, -, -, -, -, -, -,4, -, -, -, -, -, -, -, -,5, -, -, -, -, -, -, -, -,6, -, -, -, -, -, -, -, -,7, -, -, -, -, -, -, -, -,8, -, -, -, -, -, -, -, -,9, -, -, -, -, -, -, -, -,0, -, -, -, -, -, -, -, -,1, -, -, -, -, -, -, -, -,2, -, -, -, -, -, -, -, -,3, -, -, -, -, -, -, -, -,4, -, -, -, -, -, -, -, -,5, -, -, -, -, -, -, -, -,6, -, -, -, -, -, -, -, -,7, -, -, -, -, -, -, -, -,8, -, -, -, -, -, -, -, -,9, -, -, -, -, -, -, -, -,10, -, -, -, -, -, -, -, -,11, -, -, -, -, -, -, -, -,12, -, -, -, -, -, -, -, -,13, -, -, -, -, -, -, -, -,14, -, -, -, -, -, -, -, -,15, -, -, -, -, -, -, -, -,16, -, -, -, -, -, -, -, -,17, -, -, -, -, -, -, -, -,18, -, -, -, -, -, -, -, -,19, -, -, -, -, -, -, -, -,0, -, -, -, -, 
2,50, True,20,2,0.77, MovementLikeness,0.31, Both,9,16,58.16189, Uneven,19,1,0, False,64, False, True, True,0, (105.8 - 178.2 - 23.9), (0.9 - 0.5 - 1.0), True, True, False,1.141232,1.451608,1.288818,1, -, -, -, -, -, -, -, -,2, -, -, -, -, -, -, -, -,3, -, -, -, -, -, -, -, -,4, -, -, -, -, -, -, -, -,5, -, -, -, -, -, -, -, -,6, -, -, -, -, -, -, -, -,7, -, -, -, -, -, -, -, -,8, -, -, -, -, -, -, -, -,9, -, -, -, -, -, -, -, -,0, -, -, -, -, -, -, -, -,1, -, -, -, -, -, -, -, -,2, -, -, -, -, -, -, -, -,3, -, -, -, -, -, -, -, -,4, -, -, -, -, -, -, -, -,5, -, -, -, -, -, -, -, -,6, -, -, -, -, -, -, -, -,7, -, -, -, -, -, -, -, -,8, -, -, -, -, -, -, -, -,9, -, -, -, -, -, -, -, -,10, -, -, -, -, -, -, -, -,11, -, -, -, -, -, -, -, -,12, -, -, -, -, -, -, -, -,13, -, -, -, -, -, -, -, -,14, -, -, -, -, -, -, -, -,15, -, -, -, -, -, -, -, -,16, -, -, -, -, -, -, -, -,17, -, -, -, -, -, -, -, -,18, -, -, -, -, -, -, -, -,19, -, -, -, -, -, -, -, -,0, -, -, -, -, 
3,50, True,20,2,0.77, Triad,0.31, Both,9,13,87.91428, Uneven,14,1,0, False,238, True, True, True,0, (161.1 - 38.9 - 44.2), (0.8 - 0.0 - 0.9), True, True, False,1.447381,1.227702,1.064734,1, -, -, -, -, -, -, -, -,2, -, -, -, -, -, -, -, -,3, -, -, -, -, -, -, -, -,4, -, -, -, -, -, -, -, -,5, -, -, -, -, -, -, -, -,6, -, -, -, -, -, -, -, -,7, -, -, -, -, -, -, -, -,8, -, -, -, -, -, -, -, -,9, -, -, -, -, -, -, -, -,0, -, -, -, -, -, -, -, -,1, -, -, -, -, -, -, -, -,2, -, -, -, -, -, -, -, -,3, -, -, -, -, -, -, -, -,4, -, -, -, -, -, -, -, -,5, -, -, -, -, -, -, -, -,6, -, -, -, -, -, -, -, -,7, -, -, -, -, -, -, -, -,8, -, -, -, -, -, -, -, -,9, -, -, -, -, -, -, -, -,10, -, -, -, -, -, -, -, -,11, -, -, -, -, -, -, -, -,12, -, -, -, -, -, -, -, -,13, -, -, -, -, -, -, -, -,14, -, -, -, -, -, -, -, -,15, -, -, -, -, -, -, -, -,16, -, -, -, -, -, -, -, -,17, -, -, -, -, -, -, -, -,18, -, -, -, -, -, -, -, -,19, -, -, -, -, -, -, -, -,0, -, -, -, -, 
4,50, True,20,2,0.77, Lizard,0.31, Both,9,13,40.51123, Uneven,49,3,0, True,24.70893, False, False, True,0, (84.0 - 94.0 - 18.5), (0.6 - 0.9 - 0.2), True, False, False,0.460371,1.18368,0.7195579,1, (1.4 - 52.4 - 68.2), (0.1 - 0.6 - 0.9), False, True, False,0.6935097,1.26368,0.510442,2, (84.4 - 89.0 - 151.3), (0.8 - 0.9 - 0.8), False, True, False,0.6602386,1.01368,1.056323,3, -, -, -, -, -, -, -, -,4, -, -, -, -, -, -, -, -,5, -, -, -, -, -, -, -, -,6, -, -, -, -, -, -, -, -,7, -, -, -, -, -, -, -, -,8, -, -, -, -, -, -, -, -,9, -, -, -, -, -, -, -, -,0, -, -, -, -, -, -, -, -,1, -, -, -, -, -, -, -, -,2, -, -, -, -, -, -, -, -,3, -, -, -, -, -, -, -, -,4, -, -, -, -, -, -, -, -,5, -, -, -, -, -, -, -, -,6, -, -, -, -, -, -, -, -,7, -, -, -, -, -, -, -, -,8, -, -, -, -, -, -, -, -,9, -, -, -, -, -, -, -, -,10, -, -, -, -, -, -, -, -,11, -, -, -, -, -, -, -, -,12, -, -, -, -, -, -, -, -,13, -, -, -, -, -, -, -, -,14, -, -, -, -, -, -, -, -,15, -, -, -, -, -, -, -, -,16, -, -, -, -, -, -, -, -,17, -, -, -, -, -, -, -, -,18, -, -, -, -, -, -, -, -,19, -, -, -, -, -, -, -, -,0, (147.2 - 170.2 - 120.6), (0.2 - 0.9 - 0.8),0.7135122,3.551097, 
5,50, True,20,2,0.77, Random,0.31, Both,9,16,113.9714, Uneven,16,6,0, False,34, True, True, True,0, (14.0 - 78.9 - 101.9), (0.9 - 0.1 - 0.9), True, True, False,0.9107282,1.028254,1.318749,1, (49.5 - 7.0 - 115.0), (0.9 - 0.2 - 0.1), True, False, True,1.186239,1.29368,1.368749,2, (39.5 - 12.0 - 116.0), (1.0 - 0.2 - 0.2), True, True, True,1.186239,1.30368,1.368749,3, (61.5 - 23.0 - 116.0), (0.9 - 0.2 - 0.1), True, False, True,1.066239,1.27368,1.368749,4, (49.5 - 7.0 - 115.0), (0.8 - 0.3 - 0.1), True, True, True,1.261239,1.29368,1.308749,5, (49.5 - 7.0 - 115.0), (1.0 - 0.3 - 0.0), True, False, True,1.141239,1.30368,1.368749,6, -, -, -, -, -, -, -, -,7, -, -, -, -, -, -, -, -,8, -, -, -, -, -, -, -, -,9, -, -, -, -, -, -, -, -,0, -, -, -, -, -, -, -, -,1, -, -, -, -, -, -, -, -,2, -, -, -, -, -, -, -, -,3, -, -, -, -, -, -, -, -,4, -, -, -, -, -, -, -, -,5, -, -, -, -, -, -, -, -,6, -, -, -, -, -, -, -, -,7, -, -, -, -, -, -, -, -,8, -, -, -, -, -, -, -, -,9, -, -, -, -, -, -, -, -,10, -, -, -, -, -, -, -, -,11, -, -, -, -, -, -, -, -,12, -, -, -, -, -, -, -, -,13, -, -, -, -, -, -, -, -,14, -, -, -, -, -, -, -, -,15, -, -, -, -, -, -, -, -,16, -, -, -, -, -, -, -, -,17, -, -, -, -, -, -, -, -,18, -, -, -, -, -, -, -, -,19, -, -, -, -, -, -, -, -,0, -, -, -, -, 
6,50, True,20,2,0.77, Any,0.31, Both,9,14,57.67833, Uneven,36,7,2, True,157.7907, False, False, True,0, (91.0 - 32.0 - 9.5), (0.7 - 0.2 - 0.2), True, True, True,1.48329,0.8705639,0.5534824,1, (76.0 - 119.3 - 55.4), (0.5 - 0.1 - 0.2), True, False, True,0.6882346,0.8705639,1.111937,2, (100.4 - 129.0 - 148.7), (0.5 - 0.1 - 0.2), True, True, True,1.146262,0.9505639,1.281937,3, (83.9 - 75.2 - 138.7), (0.5 - 0.3 - 0.1), True, True, True,0.1742321,1.320564,0.7604422,4, (124.5 - 118.9 - 37.3), (0.9 - 0.6 - 0.8), True, True, False,1.078381,0.9105639,0.9272302,5, (103.8 - 90.0 - 109.1), (0.9 - 0.7 - 0.2), True, True, False,0.6751821,1.28368,1.261937,6, (100.0 - 65.0 - 23.5), (0.5 - 0.1 - 0.2), True, False, True,1.003381,0.8705639,1.271937,7, -, -, -, -, -, -, -, -,8, -, -, -, -, -, -, -, -,9, -, -, -, -, -, -, -, -,0, -, -, -, -, -, -, -, -,1, -, -, -, -, -, -, -, -,2, -, -, -, -, -, -, -, -,3, -, -, -, -, -, -, -, -,4, -, -, -, -, -, -, -, -,5, -, -, -, -, -, -, -, -,6, -, -, -, -, -, -, -, -,7, -, -, -, -, -, -, -, -,8,4, Left, (14.9 - 139.2 - 109.5), (0.1 - 0.7 - 0.5),1.425148,1.322855,1,1.303633,9, -, -, -, -, -, -, -, -,10, -, -, -, -, -, -, -, -,11, -, -, -, -, -, -, -, -,12, -, -, -, -, -, -, -, -,13, -, -, -, -, -, -, -, -,14, -, -, -, -, -, -, -, -,15, -, -, -, -, -, -, -, -,16, -, -, -, -, -, -, -, -,17, -, -, -, -, -, -, -, -,18, -, -, -, -, -, -, -, -,19, -, -, -, -, -, -, -, -,0, (163.9 - 122.3 - 95.4), (0.1 - 0.9 - 0.6),1.060555,3.799254, 
2,50, True,20,2,0.77, MovementLikeness,0.31, Both,9,10,40.71682, Uneven,1,8,0, True,55, True, True, True,0, (174.8 - 34.3 - 156.4), (0.4 - 0.4 - 0.8), False, True, False,1.346169,1.184306,1.430193,1, (171.8 - 78.3 - 132.4), (0.4 - 0.2 - 0.3), True, True, False,1.301169,1.354306,1.370193,2, (166.8 - 64.3 - 170.4), (0.2 - 0.2 - 0.3), True, False, False,0.9151875,0.9343061,1.430193,3, (44.5 - 67.5 - 95.7), (0.3 - 0.3 - 0.7), True, True, False,1.346169,1.184306,1.490193,4, (3.5 - 64.5 - 143.7), (0.4 - 0.0 - 0.5), True, False, False,1.466169,1.114306,1.409807,5, (148.2 - 65.3 - 129.4), (0.4 - 0.2 - 0.4), True, True, False,1.076169,1.284306,1.459807,6, (164.2 - 102.3 - 159.4), (0.3 - 0.2 - 0.4), True, False, False,1.496169,1.104306,1.470193,7, (149.2 - 89.3 - 140.4), (0.3 - 0.1 - 0.8), True, True, False,1.413831,1.104306,1.329807,8, -, -, -, -, -, -, -, -,9, -, -, -, -, -, -, -, -,0, -, -, -, -, -, -, -, -,1, -, -, -, -, -, -, -, -,2, -, -, -, -, -, -, -, -,3, -, -, -, -, -, -, -, -,4, -, -, -, -, -, -, -, -,5, -, -, -, -, -, -, -, -,6, -, -, -, -, -, -, -, -,7, -, -, -, -, -, -, -, -,8, -, -, -, -, -, -, -, -,9, -, -, -, -, -, -, -, -,10, -, -, -, -, -, -, -, -,11, -, -, -, -, -, -, -, -,12, -, -, -, -, -, -, -, -,13, -, -, -, -, -, -, -, -,14, -, -, -, -, -, -, -, -,15, -, -, -, -, -, -, -, -,16, -, -, -, -, -, -, -, -,17, -, -, -, -, -, -, -, -,18, -, -, -, -, -, -, -, -,19, -, -, -, -, -, -, -, -,0, (18.0 - 138.7 - 46.3), (0.4 - 0.7 - 0.1),0.8823634,3.578847, 
3,50, True,20,2,0.77, Triad,0.31, Both,9,5,44.96249, Uneven,37,3,0, False,86, True, False, True,0, (29.9 - 85.8 - 175.9), (0.1 - 0.4 - 0.2), False, False, True,1.492619,0.9658725,1.221937,1, (29.9 - 85.8 - 175.9), (0.1 - 0.4 - 0.2), False, False, True,1.492619,0.9658725,1.221937,2, (29.9 - 85.8 - 175.9), (0.1 - 0.4 - 0.2), False, False, True,1.492619,0.9658725,1.221937,3, -, -, -, -, -, -, -, -,4, -, -, -, -, -, -, -, -,5, -, -, -, -, -, -, -, -,6, -, -, -, -, -, -, -, -,7, -, -, -, -, -, -, -, -,8, -, -, -, -, -, -, -, -,9, -, -, -, -, -, -, -, -,0, -, -, -, -, -, -, -, -,1, -, -, -, -, -, -, -, -,2, -, -, -, -, -, -, -, -,3, -, -, -, -, -, -, -, -,4, -, -, -, -, -, -, -, -,5, -, -, -, -, -, -, -, -,6, -, -, -, -, -, -, -, -,7, -, -, -, -, -, -, -, -,8, -, -, -, -, -, -, -, -,9, -, -, -, -, -, -, -, -,10, -, -, -, -, -, -, -, -,11, -, -, -, -, -, -, -, -,12, -, -, -, -, -, -, -, -,13, -, -, -, -, -, -, -, -,14, -, -, -, -, -, -, -, -,15, -, -, -, -, -, -, -, -,16, -, -, -, -, -, -, -, -,17, -, -, -, -, -, -, -, -,18, -, -, -, -, -, -, -, -,19, -, -, -, -, -, -, -, -,0, -, -, -, -, 
4,50, True,20,2,0.77, Lizard,0.31, Both,9,0,36.75065, Uneven,12,2,0, False,57, False, False, True,0, (6.5 - 19.2 - 127.0), (0.5 - 0.2 - 0.9), False, False, True,0.5866522,1.403436,0.8558545,1, (166.3 - 78.5 - 134.4), (0.7 - 0.8 - 0.7), False, False, False,0.04378939,1.403436,0.8558545,2, -, -, -, -, -, -, -, -,3, -, -, -, -, -, -, -, -,4, -, -, -, -, -, -, -, -,5, -, -, -, -, -, -, -, -,6, -, -, -, -, -, -, -, -,7, -, -, -, -, -, -, -, -,8, -, -, -, -, -, -, -, -,9, -, -, -, -, -, -, -, -,0, -, -, -, -, -, -, -, -,1, -, -, -, -, -, -, -, -,2, -, -, -, -, -, -, -, -,3, -, -, -, -, -, -, -, -,4, -, -, -, -, -, -, -, -,5, -, -, -, -, -, -, -, -,6, -, -, -, -, -, -, -, -,7, -, -, -, -, -, -, -, -,8, -, -, -, -, -, -, -, -,9, -, -, -, -, -, -, -, -,10, -, -, -, -, -, -, -, -,11, -, -, -, -, -, -, -, -,12, -, -, -, -, -, -, -, -,13, -, -, -, -, -, -, -, -,14, -, -, -, -, -, -, -, -,15, -, -, -, -, -, -, -, -,16, -, -, -, -, -, -, -, -,17, -, -, -, -, -, -, -, -,18, -, -, -, -, -, -, -, -,19, -, -, -, -, -, -, -, -,0, -, -, -, -, 
5,50, True,20,2,0.77, Random,0.31, Both,9,20,51.05656, Uneven,47,6,0, True,20, True, True, True,0, (11.5 - 28.2 - 128.0), (0.8 - 0.1 - 1.0), True, True, True,0.2584298,1.151608,1.164137,1, (11.5 - 28.2 - 128.0), (0.7 - 0.0 - 0.9), True, False, True,1.115867,1.081608,0.6824218,2, (11.5 - 28.2 - 128.0), (0.8 - 0.1 - 0.8), True, True, True,0.7846484,1.151608,1.003279,3, (1.5 - 44.2 - 142.0), (0.7 - 0.0 - 0.9), True, False, True,0.7096484,1.241608,0.9732794,4, (11.5 - 28.2 - 128.0), (0.8 - 0.1 - 0.9), True, True, True,0.7096484,1.151608,0.9732794,5, (27.5 - 14.2 - 125.0), (0.7 - 0.0 - 0.9), True, False, True,0.7096484,1.151608,0.9732794,6, -, -, -, -, -, -, -, -,7, -, -, -, -, -, -, -, -,8, -, -, -, -, -, -, -, -,9, -, -, -, -, -, -, -, -,0, -, -, -, -, -, -, -, -,1, -, -, -, -, -, -, -, -,2, -, -, -, -, -, -, -, -,3, -, -, -, -, -, -, -, -,4, -, -, -, -, -, -, -, -,5, -, -, -, -, -, -, -, -,6, -, -, -, -, -, -, -, -,7, -, -, -, -, -, -, -, -,8, -, -, -, -, -, -, -, -,9, -, -, -, -, -, -, -, -,10, -, -, -, -, -, -, -, -,11, -, -, -, -, -, -, -, -,12, -, -, -, -, -, -, -, -,13, -, -, -, -, -, -, -, -,14, -, -, -, -, -, -, -, -,15, -, -, -, -, -, -, -, -,16, -, -, -, -, -, -, -, -,17, -, -, -, -, -, -, -, -,18, -, -, -, -, -, -, -, -,19, -, -, -, -, -, -, -, -,0, (131.6 - 59.2 - 52.5), (0.5 - 0.9 - 0.3),0.4006191,3.715367, 
6,50, True,20,2,0.77, Any,0.31, Both,9,11,49.48326, Uneven,25,2,0, False,59.01956, True, True, True,0, (94.0 - 61.0 - 44.5), (0.3 - 0.1 - 0.4), False, True, True,1.335187,1.180564,1.461937,1, (16.3 - 14.8 - 66.2), (0.4 - 0.2 - 0.6), True, True, True,1.28829,1.300564,0.8804422,2, -, -, -, -, -, -, -, -,3, -, -, -, -, -, -, -, -,4, -, -, -, -, -, -, -, -,5, -, -, -, -, -, -, -, -,6, -, -, -, -, -, -, -, -,7, -, -, -, -, -, -, -, -,8, -, -, -, -, -, -, -, -,9, -, -, -, -, -, -, -, -,0, -, -, -, -, -, -, -, -,1, -, -, -, -, -, -, -, -,2, -, -, -, -, -, -, -, -,3, -, -, -, -, -, -, -, -,4, -, -, -, -, -, -, -, -,5, -, -, -, -, -, -, -, -,6, -, -, -, -, -, -, -, -,7, -, -, -, -, -, -, -, -,8, -, -, -, -, -, -, -, -,9, -, -, -, -, -, -, -, -,10, -, -, -, -, -, -, -, -,11, -, -, -, -, -, -, -, -,12, -, -, -, -, -, -, -, -,13, -, -, -, -, -, -, -, -,14, -, -, -, -, -, -, -, -,15, -, -, -, -, -, -, -, -,16, -, -, -, -, -, -, -, -,17, -, -, -, -, -, -, -, -,18, -, -, -, -, -, -, -, -,19, -, -, -, -, -, -, -, -,0, -, -, -, -, 
7,50, True,20,2,0.77, Performance,0.31, Both,9,14,105.8208, Uneven,4,1,0, False,32, True, False, True,0, (140.8 - 74.3 - 40.0), (0.7 - 0.8 - 0.4), True, True, False,1.387683,1.411005,0.880409,1, -, -, -, -, -, -, -, -,2, -, -, -, -, -, -, -, -,3, -, -, -, -, -, -, -, -,4, -, -, -, -, -, -, -, -,5, -, -, -, -, -, -, -, -,6, -, -, -, -, -, -, -, -,7, -, -, -, -, -, -, -, -,8, -, -, -, -, -, -, -, -,9, -, -, -, -, -, -, -, -,0, -, -, -, -, -, -, -, -,1, -, -, -, -, -, -, -, -,2, -, -, -, -, -, -, -, -,3, -, -, -, -, -, -, -, -,4, -, -, -, -, -, -, -, -,5, -, -, -, -, -, -, -, -,6, -, -, -, -, -, -, -, -,7, -, -, -, -, -, -, -, -,8, -, -, -, -, -, -, -, -,9, -, -, -, -, -, -, -, -,10, -, -, -, -, -, -, -, -,11, -, -, -, -, -, -, -, -,12, -, -, -, -, -, -, -, -,13, -, -, -, -, -, -, -, -,14, -, -, -, -, -, -, -, -,15, -, -, -, -, -, -, -, -,16, -, -, -, -, -, -, -, -,17, -, -, -, -, -, -, -, -,18, -, -, -, -, -, -, -, -,19, -, -, -, -, -, -, -, -,0, -, -, -, -, 
7,50, True,20,2,0.77, Performance,0.31, Both,9,11,88.13148, Uneven,38,1,0, False,46, True, True, True,0, (33.0 - 104.9 - 103.9), (0.4 - 0.3 - 0.6), True, True, False,0.8401874,1.43884,1.119807,1, -, -, -, -, -, -, -, -,2, -, -, -, -, -, -, -, -,3, -, -, -, -, -, -, -, -,4, -, -, -, -, -, -, -, -,5, -, -, -, -, -, -, -, -,6, -, -, -, -, -, -, -, -,7, -, -, -, -, -, -, -, -,8, -, -, -, -, -, -, -, -,9, -, -, -, -, -, -, -, -,0, -, -, -, -, -, -, -, -,1, -, -, -, -, -, -, -, -,2, -, -, -, -, -, -, -, -,3, -, -, -, -, -, -, -, -,4, -, -, -, -, -, -, -, -,5, -, -, -, -, -, -, -, -,6, -, -, -, -, -, -, -, -,7, -, -, -, -, -, -, -, -,8, -, -, -, -, -, -, -, -,9, -, -, -, -, -, -, -, -,10, -, -, -, -, -, -, -, -,11, -, -, -, -, -, -, -, -,12, -, -, -, -, -, -, -, -,13, -, -, -, -, -, -, -, -,14, -, -, -, -, -, -, -, -,15, -, -, -, -, -, -, -, -,16, -, -, -, -, -, -, -, -,17, -, -, -, -, -, -, -, -,18, -, -, -, -, -, -, -, -,19, -, -, -, -, -, -, -, -,0, -, -, -, -, 
1,50, True,20,2,0.77, PhysicalLikeness,0.31, Both,9,22,44.47036, Uneven,43,1,0, False,78, True, False, True,0, (80.8 - 95.5 - 22.7), (0.6 - 1.0 - 0.4), True, True, False,1.036232,1.482298,1.470193,1, -, -, -, -, -, -, -, -,2, -, -, -, -, -, -, -, -,3, -, -, -, -, -, -, -, -,4, -, -, -, -, -, -, -, -,5, -, -, -, -, -, -, -, -,6, -, -, -, -, -, -, -, -,7, -, -, -, -, -, -, -, -,8, -, -, -, -, -, -, -, -,9, -, -, -, -, -, -, -, -,0, -, -, -, -, -, -, -, -,1, -, -, -, -, -, -, -, -,2, -, -, -, -, -, -, -, -,3, -, -, -, -, -, -, -, -,4, -, -, -, -, -, -, -, -,5, -, -, -, -, -, -, -, -,6, -, -, -, -, -, -, -, -,7, -, -, -, -, -, -, -, -,8, -, -, -, -, -, -, -, -,9, -, -, -, -, -, -, -, -,10, -, -, -, -, -, -, -, -,11, -, -, -, -, -, -, -, -,12, -, -, -, -, -, -, -, -,13, -, -, -, -, -, -, -, -,14, -, -, -, -, -, -, -, -,15, -, -, -, -, -, -, -, -,16, -, -, -, -, -, -, -, -,17, -, -, -, -, -, -, -, -,18, -, -, -, -, -, -, -, -,19, -, -, -, -, -, -, -, -,0, -, -, -, -, 

ATTEMPT, PopulationSize, RandomInitValues, Sensitivity, MutationCycle, RecombinationRate, RecombinationType, MutationRate, MutationType, SelectionSize, Version, Performance, Terrain, Robot No, NoSections, NoLegs, IsTailEnabled, BodyColour, MaintainSerpentine, MaintainGait, UniformBody, Section No, AngleConstraint, RotationMultiplier, IsRotating, UseSin, IsDriving, DriveVelocity, Size, Mass, Section No, AngleConstraint, RotationMultiplier, IsRotating, UseSin, IsDriving, DriveVelocity, Size, Mass, Section No, AngleConstraint, RotationMultiplier, IsRotating, UseSin, IsDriving, DriveVelocity, Size, Mass, Section No, AngleConstraint, RotationMultiplier, IsRotating, UseSin, IsDriving, DriveVelocity, Size, Mass, Section No, AngleConstraint, RotationMultiplier, IsRotating, UseSin, IsDriving, DriveVelocity, Size, Mass, Section No, AngleConstraint, RotationMultiplier, IsRotating, UseSin, IsDriving, DriveVelocity, Size, Mass, Section No, AngleConstraint, RotationMultiplier, IsRotating, UseSin, IsDriving, DriveVelocity, Size, Mass, Section No, AngleConstraint, RotationMultiplier, IsRotating, UseSin, IsDriving, DriveVelocity, Size, Mass, Section No, AngleConstraint, RotationMultiplier, IsRotating, UseSin, IsDriving, DriveVelocity, Size, Mass, Section No, AngleConstraint, RotationMultiplier, IsRotating, UseSin, IsDriving, DriveVelocity, Size, Mass, Leg No, AttachedBody, Position, AngleConstraint, RotationMultiplier, Length, Mass, AngleOffset, GaitMultiplier, Leg No, AttachedBody, Position, AngleConstraint, RotationMultiplier, Length, Mass, AngleOffset, GaitMultiplier, Leg No, AttachedBody, Position, AngleConstraint, RotationMultiplier, Length, Mass, AngleOffset, GaitMultiplier, Leg No, AttachedBody, Position, AngleConstraint, RotationMultiplier, Length, Mass, AngleOffset, GaitMultiplier, Leg No, AttachedBody, Position, AngleConstraint, RotationMultiplier, Length, Mass, AngleOffset, GaitMultiplier, Leg No, AttachedBody, Position, AngleConstraint, RotationMultiplier, Length, Mass, AngleOffset, GaitMultiplier, Leg No, AttachedBody, Position, AngleConstraint, RotationMultiplier, Length, Mass, AngleOffset, GaitMultiplier, Leg No, AttachedBody, Position, AngleConstraint, RotationMultiplier, Length, Mass, AngleOffset, GaitMultiplier, Leg No, AttachedBody, Position, AngleConstraint, RotationMultiplier, Length, Mass, AngleOffset, GaitMultiplier, Leg No, AttachedBody, Position, AngleConstraint, RotationMultiplier, Length, Mass, AngleOffset, GaitMultiplier, Leg No, AttachedBody, Position, AngleConstraint, RotationMultiplier, Length, Mass, AngleOffset, GaitMultiplier, Leg No, AttachedBody, Position, AngleConstraint, RotationMultiplier, Length, Mass, AngleOffset, GaitMultiplier, Leg No, AttachedBody, Position, AngleConstraint, RotationMultiplier, Length, Mass, AngleOffset, GaitMultiplier, Leg No, AttachedBody, Position, AngleConstraint, RotationMultiplier, Length, Mass, AngleOffset, GaitMultiplier, Leg No, AttachedBody, Position, AngleConstraint, RotationMultiplier, Length, Mass, AngleOffset, GaitMultiplier, Leg No, AttachedBody, Position, AngleConstraint, RotationMultiplier, Length, Mass, AngleOffset, GaitMultiplier, Leg No, AttachedBody, Position, AngleConstraint, RotationMultiplier, Length, Mass, AngleOffset, GaitMultiplier, Leg No, AttachedBody, Position, AngleConstraint, RotationMultiplier, Length, Mass, AngleOffset, GaitMultiplier, Leg No, AttachedBody, Position, AngleConstraint, RotationMultiplier, Length, Mass, AngleOffset, GaitMultiplier, Leg No, AttachedBody, Position, AngleConstraint, RotationMultiplier, Length, Mass, AngleOffset, GaitMultiplier, Tail No, AngleConstraint, RotationMultiplier, TailMassMultiplier, Length, 
2, 50, True, 20, 2, 0.77, MovementLikeness, 0.31, Both, 9, 8, 44.00729, Uneven, 11, 5, 1, False, 30, False, True, False, 0, (90.8 - 148.2 - 45.9), (0.9 - 0.3 - 1.0), False, False, False, 1.426732, 0.9350499, 1.291251, 1, (133.3 - 37.2 - 153.9), (1.0 - 0.1 - 0.7), True, True, True, 1.327106, 1.181608, 1.401937, 2, (114.1 - 95.2 - 88.4), (0.9 - 0.1 - 0.9), True, True, True, 1.187687, 1.00005, 1.201937, 3, (112.7 - 93.5 - 96.1), (0.9 - 0.2 - 0.9), True, True, True, 1.313842, 1.038903, 1.298375, 4, (112.7 - 93.5 - 96.1), (0.9 - 0.2 - 0.9), True, True, True, 1.313842, 1.038903, 1.298375, 5, -, -, -, -, -, -, -, -, 6, -, -, -, -, -, -, -, -, 7, -, -, -, -, -, -, -, -, 8, -, -, -, -, -, -, -, -, 9, -, -, -, -, -, -, -, -, 0, -, -, -, -, -, -, -, -, 1, -, -, -, -, -, -, -, -, 2, 1, Left, (17.0 - 72.8 - 12.7), (0.0 - 0.9 - 0.9), 1.291305, 0.5501741, 31, 1.980619, 3, -, -, -, -, -, -, -, -, 4, -, -, -, -, -, -, -, -, 5, -, -, -, -, -, -, -, -, 6, -, -, -, -, -, -, -, -, 7, -, -, -, -, -, -, -, -, 8, -, -, -, -, -, -, -, -, 9, -, -, -, -, -, -, -, -, 10, -, -, -, -, -, -, -, -, 11, -, -, -, -, -, -, -, -, 12, -, -, -, -, -, -, -, -, 13, -, -, -, -, -, -, -, -, 14, -, -, -, -, -, -, -, -, 15, -, -, -, -, -, -, -, -, 16, -, -, -, -, -, -, -, -, 17, -, -, -, -, -, -, -, -, 18, -, -, -, -, -, -, -, -, 19, -, -, -, -, -, -, -, -, 0, -, -, -, -, 

ATTEMPT, PopulationSize, RandomInitValues, Sensitivity, MutationCycle, RecombinationRate, RecombinationType, MutationRate, MutationType, SelectionSize, Version, Performance, Terrain, Robot No, NoSections, NoLegs, IsTailEnabled, BodyColour, MaintainSerpentine, MaintainGait, UniformBody, Section No, AngleConstraint, RotationMultiplier, IsRotating, UseSin, IsDriving, DriveVelocity, Size, Mass, Section No, AngleConstraint, RotationMultiplier, IsRotating, UseSin, IsDriving, DriveVelocity, Size, Mass, Section No, AngleConstraint, RotationMultiplier, IsRotating, UseSin, IsDriving, DriveVelocity, Size, Mass, Section No, AngleConstraint, RotationMultiplier, IsRotating, UseSin, IsDriving, DriveVelocity, Size, Mass, Section No, AngleConstraint, RotationMultiplier, IsRotating, UseSin, IsDriving, DriveVelocity, Size, Mass, Section No, AngleConstraint, RotationMultiplier, IsRotating, UseSin, IsDriving, DriveVelocity, Size, Mass, Section No, AngleConstraint, RotationMultiplier, IsRotating, UseSin, IsDriving, DriveVelocity, Size, Mass, Section No, AngleConstraint, RotationMultiplier, IsRotating, UseSin, IsDriving, DriveVelocity, Size, Mass, Section No, AngleConstraint, RotationMultiplier, IsRotating, UseSin, IsDriving, DriveVelocity, Size, Mass, Section No, AngleConstraint, RotationMultiplier, IsRotating, UseSin, IsDriving, DriveVelocity, Size, Mass, Leg No, AttachedBody, Position, AngleConstraint, RotationMultiplier, Length, Mass, AngleOffset, GaitMultiplier, Leg No, AttachedBody, Position, AngleConstraint, RotationMultiplier, Length, Mass, AngleOffset, GaitMultiplier, Leg No, AttachedBody, Position, AngleConstraint, RotationMultiplier, Length, Mass, AngleOffset, GaitMultiplier, Leg No, AttachedBody, Position, AngleConstraint, RotationMultiplier, Length, Mass, AngleOffset, GaitMultiplier, Leg No, AttachedBody, Position, AngleConstraint, RotationMultiplier, Length, Mass, AngleOffset, GaitMultiplier, Leg No, AttachedBody, Position, AngleConstraint, RotationMultiplier, Length, Mass, AngleOffset, GaitMultiplier, Leg No, AttachedBody, Position, AngleConstraint, RotationMultiplier, Length, Mass, AngleOffset, GaitMultiplier, Leg No, AttachedBody, Position, AngleConstraint, RotationMultiplier, Length, Mass, AngleOffset, GaitMultiplier, Leg No, AttachedBody, Position, AngleConstraint, RotationMultiplier, Length, Mass, AngleOffset, GaitMultiplier, Leg No, AttachedBody, Position, AngleConstraint, RotationMultiplier, Length, Mass, AngleOffset, GaitMultiplier, Leg No, AttachedBody, Position, AngleConstraint, RotationMultiplier, Length, Mass, AngleOffset, GaitMultiplier, Leg No, AttachedBody, Position, AngleConstraint, RotationMultiplier, Length, Mass, AngleOffset, GaitMultiplier, Leg No, AttachedBody, Position, AngleConstraint, RotationMultiplier, Length, Mass, AngleOffset, GaitMultiplier, Leg No, AttachedBody, Position, AngleConstraint, RotationMultiplier, Length, Mass, AngleOffset, GaitMultiplier, Leg No, AttachedBody, Position, AngleConstraint, RotationMultiplier, Length, Mass, AngleOffset, GaitMultiplier, Leg No, AttachedBody, Position, AngleConstraint, RotationMultiplier, Length, Mass, AngleOffset, GaitMultiplier, Leg No, AttachedBody, Position, AngleConstraint, RotationMultiplier, Length, Mass, AngleOffset, GaitMultiplier, Leg No, AttachedBody, Position, AngleConstraint, RotationMultiplier, Length, Mass, AngleOffset, GaitMultiplier, Leg No, AttachedBody, Position, AngleConstraint, RotationMultiplier, Length, Mass, AngleOffset, GaitMultiplier, Leg No, AttachedBody, Position, AngleConstraint, RotationMultiplier, Length, Mass, AngleOffset, GaitMultiplier, Tail No, AngleConstraint, RotationMultiplier, TailMassMultiplier, Length, 
3, 50, True, 20, 2, 0.77, Triad, 0.31, Both, 9, 17, 51.56587, Uneven, 8, 1, 0, False, 145, True, False, True, 0, (68.0 - 148.0 - 5.4), (0.9 - 0.6 - 0.9), True, True, False, 1.08339, 1.38505, 1.184734, 1, -, -, -, -, -, -, -, -, 2, -, -, -, -, -, -, -, -, 3, -, -, -, -, -, -, -, -, 4, -, -, -, -, -, -, -, -, 5, -, -, -, -, -, -, -, -, 6, -, -, -, -, -, -, -, -, 7, -, -, -, -, -, -, -, -, 8, -, -, -, -, -, -, -, -, 9, -, -, -, -, -, -, -, -, 0, -, -, -, -, -, -, -, -, 1, -, -, -, -, -, -, -, -, 2, -, -, -, -, -, -, -, -, 3, -, -, -, -, -, -, -, -, 4, -, -, -, -, -, -, -, -, 5, -, -, -, -, -, -, -, -, 6, -, -, -, -, -, -, -, -, 7, -, -, -, -, -, -, -, -, 8, -, -, -, -, -, -, -, -, 9, -, -, -, -, -, -, -, -, 10, -, -, -, -, -, -, -, -, 11, -, -, -, -, -, -, -, -, 12, -, -, -, -, -, -, -, -, 13, -, -, -, -, -, -, -, -, 14, -, -, -, -, -, -, -, -, 15, -, -, -, -, -, -, -, -, 16, -, -, -, -, -, -, -, -, 17, -, -, -, -, -, -, -, -, 18, -, -, -, -, -, -, -, -, 19, -, -, -, -, -, -, -, -, 0, -, -, -, -, 

ATTEMPT, PopulationSize, RandomInitValues, Sensitivity, MutationCycle, RecombinationRate, RecombinationType, MutationRate, MutationType, SelectionSize, Version, Performance, Terrain, Robot No, NoSections, NoLegs, IsTailEnabled, BodyColour, MaintainSerpentine, MaintainGait, UniformBody, Section No, AngleConstraint, RotationMultiplier, IsRotating, UseSin, IsDriving, DriveVelocity, Size, Mass, Section No, AngleConstraint, RotationMultiplier, IsRotating, UseSin, IsDriving, DriveVelocity, Size, Mass, Section No, AngleConstraint, RotationMultiplier, IsRotating, UseSin, IsDriving, DriveVelocity, Size, Mass, Section No, AngleConstraint, RotationMultiplier, IsRotating, UseSin, IsDriving, DriveVelocity, Size, Mass, Section No, AngleConstraint, RotationMultiplier, IsRotating, UseSin, IsDriving, DriveVelocity, Size, Mass, Section No, AngleConstraint, RotationMultiplier, IsRotating, UseSin, IsDriving, DriveVelocity, Size, Mass, Section No, AngleConstraint, RotationMultiplier, IsRotating, UseSin, IsDriving, DriveVelocity, Size, Mass, Section No, AngleConstraint, RotationMultiplier, IsRotating, UseSin, IsDriving, DriveVelocity, Size, Mass, Section No, AngleConstraint, RotationMultiplier, IsRotating, UseSin, IsDriving, DriveVelocity, Size, Mass, Section No, AngleConstraint, RotationMultiplier, IsRotating, UseSin, IsDriving, DriveVelocity, Size, Mass, Leg No, AttachedBody, Position, AngleConstraint, RotationMultiplier, Length, Mass, AngleOffset, GaitMultiplier, Leg No, AttachedBody, Position, AngleConstraint, RotationMultiplier, Length, Mass, AngleOffset, GaitMultiplier, Leg No, AttachedBody, Position, AngleConstraint, RotationMultiplier, Length, Mass, AngleOffset, GaitMultiplier, Leg No, AttachedBody, Position, AngleConstraint, RotationMultiplier, Length, Mass, AngleOffset, GaitMultiplier, Leg No, AttachedBody, Position, AngleConstraint, RotationMultiplier, Length, Mass, AngleOffset, GaitMultiplier, Leg No, AttachedBody, Position, AngleConstraint, RotationMultiplier, Length, Mass, AngleOffset, GaitMultiplier, Leg No, AttachedBody, Position, AngleConstraint, RotationMultiplier, Length, Mass, AngleOffset, GaitMultiplier, Leg No, AttachedBody, Position, AngleConstraint, RotationMultiplier, Length, Mass, AngleOffset, GaitMultiplier, Leg No, AttachedBody, Position, AngleConstraint, RotationMultiplier, Length, Mass, AngleOffset, GaitMultiplier, Leg No, AttachedBody, Position, AngleConstraint, RotationMultiplier, Length, Mass, AngleOffset, GaitMultiplier, Leg No, AttachedBody, Position, AngleConstraint, RotationMultiplier, Length, Mass, AngleOffset, GaitMultiplier, Leg No, AttachedBody, Position, AngleConstraint, RotationMultiplier, Length, Mass, AngleOffset, GaitMultiplier, Leg No, AttachedBody, Position, AngleConstraint, RotationMultiplier, Length, Mass, AngleOffset, GaitMultiplier, Leg No, AttachedBody, Position, AngleConstraint, RotationMultiplier, Length, Mass, AngleOffset, GaitMultiplier, Leg No, AttachedBody, Position, AngleConstraint, RotationMultiplier, Length, Mass, AngleOffset, GaitMultiplier, Leg No, AttachedBody, Position, AngleConstraint, RotationMultiplier, Length, Mass, AngleOffset, GaitMultiplier, Leg No, AttachedBody, Position, AngleConstraint, RotationMultiplier, Length, Mass, AngleOffset, GaitMultiplier, Leg No, AttachedBody, Position, AngleConstraint, RotationMultiplier, Length, Mass, AngleOffset, GaitMultiplier, Leg No, AttachedBody, Position, AngleConstraint, RotationMultiplier, Length, Mass, AngleOffset, GaitMultiplier, Leg No, AttachedBody, Position, AngleConstraint, RotationMultiplier, Length, Mass, AngleOffset, GaitMultiplier, Tail No, AngleConstraint, RotationMultiplier, TailMassMultiplier, Length, 
4, 50, True, 20, 2, 0.77, Lizard, 0.31, Both, 9, 5, 48.34018, Uneven, 29, 8, 2, True, 72.27586, True, False, True, 0, (37.7 - 172.6 - 70.6), (0.1 - 0.1 - 0.3), True, True, True, 0.9553709, 0.965932, 0.6854971, 1, (152.3 - 146.2 - 70.4), (0.8 - 0.8 - 0.4), True, False, False, 0.4747993, 1.29896, 0.9919764, 2, (7.2 - 51.2 - 39.0), (0.7 - 0.5 - 0.6), False, False, False, 0.6866263, 0.925671, 0.9963229, 3, (60.0 - 46.3 - 26.7), (0.6 - 0.9 - 0.9), True, True, True, 0.6055989, 0.8279507, 1.185772, 4, (94.6 - 130.5 - 115.9), (0.8 - 0.5 - 0.6), False, True, True, 0.2105988, 1.135671, 1.376323, 5, (102.0 - 106.5 - 83.5), (0.8 - 0.0 - 0.4), False, False, True, 0.6055989, 1.357951, 0.8757723, 6, (77.6 - 161.5 - 45.9), (0.8 - 0.4 - 0.6), False, True, False, 0.3455989, 0.8979506, 0.6919762, 7, (107.8 - 159.4 - 15.1), (0.8 - 0.1 - 0.1), True, False, False, 0.2062936, 1.312832, 0.6709034, 8, -, -, -, -, -, -, -, -, 9, -, -, -, -, -, -, -, -, 0, -, -, -, -, -, -, -, -, 1, -, -, -, -, -, -, -, -, 2, 1, Left, (69.1 - 164.3 - 13.8), (0.0 - 0.1 - 0.1), 1.580294, 0.7950771, 7, 1.115441, 3, -, -, -, -, -, -, -, -, 4, -, -, -, -, -, -, -, -, 5, -, -, -, -, -, -, -, -, 6, -, -, -, -, -, -, -, -, 7, -, -, -, -, -, -, -, -, 8, -, -, -, -, -, -, -, -, 9, -, -, -, -, -, -, -, -, 10, -, -, -, -, -, -, -, -, 11, -, -, -, -, -, -, -, -, 12, -, -, -, -, -, -, -, -, 13, -, -, -, -, -, -, -, -, 14, -, -, -, -, -, -, -, -, 15, -, -, -, -, -, -, -, -, 16, -, -, -, -, -, -, -, -, 17, -, -, -, -, -, -, -, -, 18, -, -, -, -, -, -, -, -, 19, -, -, -, -, -, -, -, -, 0, (55.2 - 47.1 - 125.3), (0.4 - 0.2 - 0.3), 0.358377, 3.194766, 

ATTEMPT, PopulationSize, RandomInitValues, Sensitivity, MutationCycle, RecombinationRate, RecombinationType, MutationRate, MutationType, SelectionSize, Version, Performance, Terrain, Robot No, NoSections, NoLegs, IsTailEnabled, BodyColour, MaintainSerpentine, MaintainGait, UniformBody, Section No, AngleConstraint, RotationMultiplier, IsRotating, UseSin, IsDriving, DriveVelocity, Size, Mass, Section No, AngleConstraint, RotationMultiplier, IsRotating, UseSin, IsDriving, DriveVelocity, Size, Mass, Section No, AngleConstraint, RotationMultiplier, IsRotating, UseSin, IsDriving, DriveVelocity, Size, Mass, Section No, AngleConstraint, RotationMultiplier, IsRotating, UseSin, IsDriving, DriveVelocity, Size, Mass, Section No, AngleConstraint, RotationMultiplier, IsRotating, UseSin, IsDriving, DriveVelocity, Size, Mass, Section No, AngleConstraint, RotationMultiplier, IsRotating, UseSin, IsDriving, DriveVelocity, Size, Mass, Section No, AngleConstraint, RotationMultiplier, IsRotating, UseSin, IsDriving, DriveVelocity, Size, Mass, Section No, AngleConstraint, RotationMultiplier, IsRotating, UseSin, IsDriving, DriveVelocity, Size, Mass, Section No, AngleConstraint, RotationMultiplier, IsRotating, UseSin, IsDriving, DriveVelocity, Size, Mass, Section No, AngleConstraint, RotationMultiplier, IsRotating, UseSin, IsDriving, DriveVelocity, Size, Mass, Leg No, AttachedBody, Position, AngleConstraint, RotationMultiplier, Length, Mass, AngleOffset, GaitMultiplier, Leg No, AttachedBody, Position, AngleConstraint, RotationMultiplier, Length, Mass, AngleOffset, GaitMultiplier, Leg No, AttachedBody, Position, AngleConstraint, RotationMultiplier, Length, Mass, AngleOffset, GaitMultiplier, Leg No, AttachedBody, Position, AngleConstraint, RotationMultiplier, Length, Mass, AngleOffset, GaitMultiplier, Leg No, AttachedBody, Position, AngleConstraint, RotationMultiplier, Length, Mass, AngleOffset, GaitMultiplier, Leg No, AttachedBody, Position, AngleConstraint, RotationMultiplier, Length, Mass, AngleOffset, GaitMultiplier, Leg No, AttachedBody, Position, AngleConstraint, RotationMultiplier, Length, Mass, AngleOffset, GaitMultiplier, Leg No, AttachedBody, Position, AngleConstraint, RotationMultiplier, Length, Mass, AngleOffset, GaitMultiplier, Leg No, AttachedBody, Position, AngleConstraint, RotationMultiplier, Length, Mass, AngleOffset, GaitMultiplier, Leg No, AttachedBody, Position, AngleConstraint, RotationMultiplier, Length, Mass, AngleOffset, GaitMultiplier, Leg No, AttachedBody, Position, AngleConstraint, RotationMultiplier, Length, Mass, AngleOffset, GaitMultiplier, Leg No, AttachedBody, Position, AngleConstraint, RotationMultiplier, Length, Mass, AngleOffset, GaitMultiplier, Leg No, AttachedBody, Position, AngleConstraint, RotationMultiplier, Length, Mass, AngleOffset, GaitMultiplier, Leg No, AttachedBody, Position, AngleConstraint, RotationMultiplier, Length, Mass, AngleOffset, GaitMultiplier, Leg No, AttachedBody, Position, AngleConstraint, RotationMultiplier, Length, Mass, AngleOffset, GaitMultiplier, Leg No, AttachedBody, Position, AngleConstraint, RotationMultiplier, Length, Mass, AngleOffset, GaitMultiplier, Leg No, AttachedBody, Position, AngleConstraint, RotationMultiplier, Length, Mass, AngleOffset, GaitMultiplier, Leg No, AttachedBody, Position, AngleConstraint, RotationMultiplier, Length, Mass, AngleOffset, GaitMultiplier, Leg No, AttachedBody, Position, AngleConstraint, RotationMultiplier, Length, Mass, AngleOffset, GaitMultiplier, Leg No, AttachedBody, Position, AngleConstraint, RotationMultiplier, Length, Mass, AngleOffset, GaitMultiplier, Tail No, AngleConstraint, RotationMultiplier, TailMassMultiplier, Length, 
5, 50, True, 20, 2, 0.77, Random, 0.31, Both, 9, 18, 69.87621, Uneven, 44, 1, 0, False, 103, True, True, True, 0, (154.9 - 105.9 - 93.2), (1.0 - 0.6 - 0.5), True, True, False, 1.055867, 1.151608, 0.7758545, 1, -, -, -, -, -, -, -, -, 2, -, -, -, -, -, -, -, -, 3, -, -, -, -, -, -, -, -, 4, -, -, -, -, -, -, -, -, 5, -, -, -, -, -, -, -, -, 6, -, -, -, -, -, -, -, -, 7, -, -, -, -, -, -, -, -, 8, -, -, -, -, -, -, -, -, 9, -, -, -, -, -, -, -, -, 0, -, -, -, -, -, -, -, -, 1, -, -, -, -, -, -, -, -, 2, -, -, -, -, -, -, -, -, 3, -, -, -, -, -, -, -, -, 4, -, -, -, -, -, -, -, -, 5, -, -, -, -, -, -, -, -, 6, -, -, -, -, -, -, -, -, 7, -, -, -, -, -, -, -, -, 8, -, -, -, -, -, -, -, -, 9, -, -, -, -, -, -, -, -, 10, -, -, -, -, -, -, -, -, 11, -, -, -, -, -, -, -, -, 12, -, -, -, -, -, -, -, -, 13, -, -, -, -, -, -, -, -, 14, -, -, -, -, -, -, -, -, 15, -, -, -, -, -, -, -, -, 16, -, -, -, -, -, -, -, -, 17, -, -, -, -, -, -, -, -, 18, -, -, -, -, -, -, -, -, 19, -, -, -, -, -, -, -, -, 0, -, -, -, -, 

ATTEMPT, PopulationSize, RandomInitValues, Sensitivity, MutationCycle, RecombinationRate, RecombinationType, MutationRate, MutationType, SelectionSize, Version, Performance, Terrain, Robot No, NoSections, NoLegs, IsTailEnabled, BodyColour, MaintainSerpentine, MaintainGait, UniformBody, Section No, AngleConstraint, RotationMultiplier, IsRotating, UseSin, IsDriving, DriveVelocity, Size, Mass, Section No, AngleConstraint, RotationMultiplier, IsRotating, UseSin, IsDriving, DriveVelocity, Size, Mass, Section No, AngleConstraint, RotationMultiplier, IsRotating, UseSin, IsDriving, DriveVelocity, Size, Mass, Section No, AngleConstraint, RotationMultiplier, IsRotating, UseSin, IsDriving, DriveVelocity, Size, Mass, Section No, AngleConstraint, RotationMultiplier, IsRotating, UseSin, IsDriving, DriveVelocity, Size, Mass, Section No, AngleConstraint, RotationMultiplier, IsRotating, UseSin, IsDriving, DriveVelocity, Size, Mass, Section No, AngleConstraint, RotationMultiplier, IsRotating, UseSin, IsDriving, DriveVelocity, Size, Mass, Section No, AngleConstraint, RotationMultiplier, IsRotating, UseSin, IsDriving, DriveVelocity, Size, Mass, Section No, AngleConstraint, RotationMultiplier, IsRotating, UseSin, IsDriving, DriveVelocity, Size, Mass, Section No, AngleConstraint, RotationMultiplier, IsRotating, UseSin, IsDriving, DriveVelocity, Size, Mass, Leg No, AttachedBody, Position, AngleConstraint, RotationMultiplier, Length, Mass, AngleOffset, GaitMultiplier, Leg No, AttachedBody, Position, AngleConstraint, RotationMultiplier, Length, Mass, AngleOffset, GaitMultiplier, Leg No, AttachedBody, Position, AngleConstraint, RotationMultiplier, Length, Mass, AngleOffset, GaitMultiplier, Leg No, AttachedBody, Position, AngleConstraint, RotationMultiplier, Length, Mass, AngleOffset, GaitMultiplier, Leg No, AttachedBody, Position, AngleConstraint, RotationMultiplier, Length, Mass, AngleOffset, GaitMultiplier, Leg No, AttachedBody, Position, AngleConstraint, RotationMultiplier, Length, Mass, AngleOffset, GaitMultiplier, Leg No, AttachedBody, Position, AngleConstraint, RotationMultiplier, Length, Mass, AngleOffset, GaitMultiplier, Leg No, AttachedBody, Position, AngleConstraint, RotationMultiplier, Length, Mass, AngleOffset, GaitMultiplier, Leg No, AttachedBody, Position, AngleConstraint, RotationMultiplier, Length, Mass, AngleOffset, GaitMultiplier, Leg No, AttachedBody, Position, AngleConstraint, RotationMultiplier, Length, Mass, AngleOffset, GaitMultiplier, Leg No, AttachedBody, Position, AngleConstraint, RotationMultiplier, Length, Mass, AngleOffset, GaitMultiplier, Leg No, AttachedBody, Position, AngleConstraint, RotationMultiplier, Length, Mass, AngleOffset, GaitMultiplier, Leg No, AttachedBody, Position, AngleConstraint, RotationMultiplier, Length, Mass, AngleOffset, GaitMultiplier, Leg No, AttachedBody, Position, AngleConstraint, RotationMultiplier, Length, Mass, AngleOffset, GaitMultiplier, Leg No, AttachedBody, Position, AngleConstraint, RotationMultiplier, Length, Mass, AngleOffset, GaitMultiplier, Leg No, AttachedBody, Position, AngleConstraint, RotationMultiplier, Length, Mass, AngleOffset, GaitMultiplier, Leg No, AttachedBody, Position, AngleConstraint, RotationMultiplier, Length, Mass, AngleOffset, GaitMultiplier, Leg No, AttachedBody, Position, AngleConstraint, RotationMultiplier, Length, Mass, AngleOffset, GaitMultiplier, Leg No, AttachedBody, Position, AngleConstraint, RotationMultiplier, Length, Mass, AngleOffset, GaitMultiplier, Leg No, AttachedBody, Position, AngleConstraint, RotationMultiplier, Length, Mass, AngleOffset, GaitMultiplier, Tail No, AngleConstraint, RotationMultiplier, TailMassMultiplier, Length, 
6, 50, True, 20, 2, 0.77, Any, 0.31, Both, 9, 15, 84.96426, Uneven, 47, 1, 0, False, 37.33213, False, False, True, 0, (163.9 - 116.9 - 73.2), (0.8 - 0.4 - 0.9), True, True, True, 1.27329, 1.147702, 0.6072302, 1, -, -, -, -, -, -, -, -, 2, -, -, -, -, -, -, -, -, 3, -, -, -, -, -, -, -, -, 4, -, -, -, -, -, -, -, -, 5, -, -, -, -, -, -, -, -, 6, -, -, -, -, -, -, -, -, 7, -, -, -, -, -, -, -, -, 8, -, -, -, -, -, -, -, -, 9, -, -, -, -, -, -, -, -, 0, -, -, -, -, -, -, -, -, 1, -, -, -, -, -, -, -, -, 2, -, -, -, -, -, -, -, -, 3, -, -, -, -, -, -, -, -, 4, -, -, -, -, -, -, -, -, 5, -, -, -, -, -, -, -, -, 6, -, -, -, -, -, -, -, -, 7, -, -, -, -, -, -, -, -, 8, -, -, -, -, -, -, -, -, 9, -, -, -, -, -, -, -, -, 10, -, -, -, -, -, -, -, -, 11, -, -, -, -, -, -, -, -, 12, -, -, -, -, -, -, -, -, 13, -, -, -, -, -, -, -, -, 14, -, -, -, -, -, -, -, -, 15, -, -, -, -, -, -, -, -, 16, -, -, -, -, -, -, -, -, 17, -, -, -, -, -, -, -, -, 18, -, -, -, -, -, -, -, -, 19, -, -, -, -, -, -, -, -, 0, -, -, -, -, 

ATTEMPT, PopulationSize, RandomInitValues, Sensitivity, MutationCycle, RecombinationRate, RecombinationType, MutationRate, MutationType, SelectionSize, Version, Performance, Terrain, Robot No, NoSections, NoLegs, IsTailEnabled, BodyColour, MaintainSerpentine, MaintainGait, UniformBody, Section No, AngleConstraint, RotationMultiplier, IsRotating, UseSin, IsDriving, DriveVelocity, Size, Mass, Section No, AngleConstraint, RotationMultiplier, IsRotating, UseSin, IsDriving, DriveVelocity, Size, Mass, Section No, AngleConstraint, RotationMultiplier, IsRotating, UseSin, IsDriving, DriveVelocity, Size, Mass, Section No, AngleConstraint, RotationMultiplier, IsRotating, UseSin, IsDriving, DriveVelocity, Size, Mass, Section No, AngleConstraint, RotationMultiplier, IsRotating, UseSin, IsDriving, DriveVelocity, Size, Mass, Section No, AngleConstraint, RotationMultiplier, IsRotating, UseSin, IsDriving, DriveVelocity, Size, Mass, Section No, AngleConstraint, RotationMultiplier, IsRotating, UseSin, IsDriving, DriveVelocity, Size, Mass, Section No, AngleConstraint, RotationMultiplier, IsRotating, UseSin, IsDriving, DriveVelocity, Size, Mass, Section No, AngleConstraint, RotationMultiplier, IsRotating, UseSin, IsDriving, DriveVelocity, Size, Mass, Section No, AngleConstraint, RotationMultiplier, IsRotating, UseSin, IsDriving, DriveVelocity, Size, Mass, Leg No, AttachedBody, Position, AngleConstraint, RotationMultiplier, Length, Mass, AngleOffset, GaitMultiplier, Leg No, AttachedBody, Position, AngleConstraint, RotationMultiplier, Length, Mass, AngleOffset, GaitMultiplier, Leg No, AttachedBody, Position, AngleConstraint, RotationMultiplier, Length, Mass, AngleOffset, GaitMultiplier, Leg No, AttachedBody, Position, AngleConstraint, RotationMultiplier, Length, Mass, AngleOffset, GaitMultiplier, Leg No, AttachedBody, Position, AngleConstraint, RotationMultiplier, Length, Mass, AngleOffset, GaitMultiplier, Leg No, AttachedBody, Position, AngleConstraint, RotationMultiplier, Length, Mass, AngleOffset, GaitMultiplier, Leg No, AttachedBody, Position, AngleConstraint, RotationMultiplier, Length, Mass, AngleOffset, GaitMultiplier, Leg No, AttachedBody, Position, AngleConstraint, RotationMultiplier, Length, Mass, AngleOffset, GaitMultiplier, Leg No, AttachedBody, Position, AngleConstraint, RotationMultiplier, Length, Mass, AngleOffset, GaitMultiplier, Leg No, AttachedBody, Position, AngleConstraint, RotationMultiplier, Length, Mass, AngleOffset, GaitMultiplier, Leg No, AttachedBody, Position, AngleConstraint, RotationMultiplier, Length, Mass, AngleOffset, GaitMultiplier, Leg No, AttachedBody, Position, AngleConstraint, RotationMultiplier, Length, Mass, AngleOffset, GaitMultiplier, Leg No, AttachedBody, Position, AngleConstraint, RotationMultiplier, Length, Mass, AngleOffset, GaitMultiplier, Leg No, AttachedBody, Position, AngleConstraint, RotationMultiplier, Length, Mass, AngleOffset, GaitMultiplier, Leg No, AttachedBody, Position, AngleConstraint, RotationMultiplier, Length, Mass, AngleOffset, GaitMultiplier, Leg No, AttachedBody, Position, AngleConstraint, RotationMultiplier, Length, Mass, AngleOffset, GaitMultiplier, Leg No, AttachedBody, Position, AngleConstraint, RotationMultiplier, Length, Mass, AngleOffset, GaitMultiplier, Leg No, AttachedBody, Position, AngleConstraint, RotationMultiplier, Length, Mass, AngleOffset, GaitMultiplier, Leg No, AttachedBody, Position, AngleConstraint, RotationMultiplier, Length, Mass, AngleOffset, GaitMultiplier, Leg No, AttachedBody, Position, AngleConstraint, RotationMultiplier, Length, Mass, AngleOffset, GaitMultiplier, Tail No, AngleConstraint, RotationMultiplier, TailMassMultiplier, Length, 
7, 50, True, 20, 2, 0.77, Performance, 0.31, Both, 9, 8, 71.55891, Uneven, 38, 1, 0, False, 19, False, False, True, 0, (38.0 - 88.9 - 136.9), (0.2 - 0.5 - 0.7), True, True, True, 0.9941429, 1.43116, 0.6224996, 1, -, -, -, -, -, -, -, -, 2, -, -, -, -, -, -, -, -, 3, -, -, -, -, -, -, -, -, 4, -, -, -, -, -, -, -, -, 5, -, -, -, -, -, -, -, -, 6, -, -, -, -, -, -, -, -, 7, -, -, -, -, -, -, -, -, 8, -, -, -, -, -, -, -, -, 9, -, -, -, -, -, -, -, -, 0, -, -, -, -, -, -, -, -, 1, -, -, -, -, -, -, -, -, 2, -, -, -, -, -, -, -, -, 3, -, -, -, -, -, -, -, -, 4, -, -, -, -, -, -, -, -, 5, -, -, -, -, -, -, -, -, 6, -, -, -, -, -, -, -, -, 7, -, -, -, -, -, -, -, -, 8, -, -, -, -, -, -, -, -, 9, -, -, -, -, -, -, -, -, 10, -, -, -, -, -, -, -, -, 11, -, -, -, -, -, -, -, -, 12, -, -, -, -, -, -, -, -, 13, -, -, -, -, -, -, -, -, 14, -, -, -, -, -, -, -, -, 15, -, -, -, -, -, -, -, -, 16, -, -, -, -, -, -, -, -, 17, -, -, -, -, -, -, -, -, 18, -, -, -, -, -, -, -, -, 19, -, -, -, -, -, -, -, -, 0, -, -, -, -, 

ATTEMPT, PopulationSize, RandomInitValues, Sensitivity, MutationCycle, RecombinationRate, RecombinationType, MutationRate, MutationType, SelectionSize, Version, Performance, Terrain, Robot No, NoSections, NoLegs, IsTailEnabled, BodyColour, MaintainSerpentine, MaintainGait, UniformBody, Section No, AngleConstraint, RotationMultiplier, IsRotating, UseSin, IsDriving, DriveVelocity, Size, Mass, Section No, AngleConstraint, RotationMultiplier, IsRotating, UseSin, IsDriving, DriveVelocity, Size, Mass, Section No, AngleConstraint, RotationMultiplier, IsRotating, UseSin, IsDriving, DriveVelocity, Size, Mass, Section No, AngleConstraint, RotationMultiplier, IsRotating, UseSin, IsDriving, DriveVelocity, Size, Mass, Section No, AngleConstraint, RotationMultiplier, IsRotating, UseSin, IsDriving, DriveVelocity, Size, Mass, Section No, AngleConstraint, RotationMultiplier, IsRotating, UseSin, IsDriving, DriveVelocity, Size, Mass, Section No, AngleConstraint, RotationMultiplier, IsRotating, UseSin, IsDriving, DriveVelocity, Size, Mass, Section No, AngleConstraint, RotationMultiplier, IsRotating, UseSin, IsDriving, DriveVelocity, Size, Mass, Section No, AngleConstraint, RotationMultiplier, IsRotating, UseSin, IsDriving, DriveVelocity, Size, Mass, Section No, AngleConstraint, RotationMultiplier, IsRotating, UseSin, IsDriving, DriveVelocity, Size, Mass, Leg No, AttachedBody, Position, AngleConstraint, RotationMultiplier, Length, Mass, AngleOffset, GaitMultiplier, Leg No, AttachedBody, Position, AngleConstraint, RotationMultiplier, Length, Mass, AngleOffset, GaitMultiplier, Leg No, AttachedBody, Position, AngleConstraint, RotationMultiplier, Length, Mass, AngleOffset, GaitMultiplier, Leg No, AttachedBody, Position, AngleConstraint, RotationMultiplier, Length, Mass, AngleOffset, GaitMultiplier, Leg No, AttachedBody, Position, AngleConstraint, RotationMultiplier, Length, Mass, AngleOffset, GaitMultiplier, Leg No, AttachedBody, Position, AngleConstraint, RotationMultiplier, Length, Mass, AngleOffset, GaitMultiplier, Leg No, AttachedBody, Position, AngleConstraint, RotationMultiplier, Length, Mass, AngleOffset, GaitMultiplier, Leg No, AttachedBody, Position, AngleConstraint, RotationMultiplier, Length, Mass, AngleOffset, GaitMultiplier, Leg No, AttachedBody, Position, AngleConstraint, RotationMultiplier, Length, Mass, AngleOffset, GaitMultiplier, Leg No, AttachedBody, Position, AngleConstraint, RotationMultiplier, Length, Mass, AngleOffset, GaitMultiplier, Leg No, AttachedBody, Position, AngleConstraint, RotationMultiplier, Length, Mass, AngleOffset, GaitMultiplier, Leg No, AttachedBody, Position, AngleConstraint, RotationMultiplier, Length, Mass, AngleOffset, GaitMultiplier, Leg No, AttachedBody, Position, AngleConstraint, RotationMultiplier, Length, Mass, AngleOffset, GaitMultiplier, Leg No, AttachedBody, Position, AngleConstraint, RotationMultiplier, Length, Mass, AngleOffset, GaitMultiplier, Leg No, AttachedBody, Position, AngleConstraint, RotationMultiplier, Length, Mass, AngleOffset, GaitMultiplier, Leg No, AttachedBody, Position, AngleConstraint, RotationMultiplier, Length, Mass, AngleOffset, GaitMultiplier, Leg No, AttachedBody, Position, AngleConstraint, RotationMultiplier, Length, Mass, AngleOffset, GaitMultiplier, Leg No, AttachedBody, Position, AngleConstraint, RotationMultiplier, Length, Mass, AngleOffset, GaitMultiplier, Leg No, AttachedBody, Position, AngleConstraint, RotationMultiplier, Length, Mass, AngleOffset, GaitMultiplier, Leg No, AttachedBody, Position, AngleConstraint, RotationMultiplier, Length, Mass, AngleOffset, GaitMultiplier, Tail No, AngleConstraint, RotationMultiplier, TailMassMultiplier, Length, 
5, 50, True, 20, 2, 0.77, Random, 0.31, Both, 9, 6, 78.66709, Uneven, 17, 4, 0, False, 74, True, True, True, 0, (38.7 - 166.4 - 27.6), (0.9 - 0.3 - 1.0), True, True, False, 0.2215702, 1.085932, 0.9586906, 1, (93.0 - 54.5 - 65.9), (0.9 - 0.3 - 1.0), True, False, True, 1.484426, 1.386975, 0.7365176, 2, (65.9 - 110.5 - 46.8), (0.9 - 0.3 - 1.0), True, True, True, 0.8529981, 1.236454, 0.8476042, 3, (65.9 - 110.5 - 46.8), (0.9 - 0.3 - 1.0), True, False, True, 0.8529981, 1.236454, 0.8476041, 4, -, -, -, -, -, -, -, -, 5, -, -, -, -, -, -, -, -, 6, -, -, -, -, -, -, -, -, 7, -, -, -, -, -, -, -, -, 8, -, -, -, -, -, -, -, -, 9, -, -, -, -, -, -, -, -, 0, -, -, -, -, -, -, -, -, 1, -, -, -, -, -, -, -, -, 2, -, -, -, -, -, -, -, -, 3, -, -, -, -, -, -, -, -, 4, -, -, -, -, -, -, -, -, 5, -, -, -, -, -, -, -, -, 6, -, -, -, -, -, -, -, -, 7, -, -, -, -, -, -, -, -, 8, -, -, -, -, -, -, -, -, 9, -, -, -, -, -, -, -, -, 10, -, -, -, -, -, -, -, -, 11, -, -, -, -, -, -, -, -, 12, -, -, -, -, -, -, -, -, 13, -, -, -, -, -, -, -, -, 14, -, -, -, -, -, -, -, -, 15, -, -, -, -, -, -, -, -, 16, -, -, -, -, -, -, -, -, 17, -, -, -, -, -, -, -, -, 18, -, -, -, -, -, -, -, -, 19, -, -, -, -, -, -, -, -, 0, -, -, -, -, 

ATTEMPT, PopulationSize, RandomInitValues, Sensitivity, MutationCycle, RecombinationRate, RecombinationType, MutationRate, MutationType, SelectionSize, Version, Performance, Terrain, Robot No, NoSections, NoLegs, IsTailEnabled, BodyColour, MaintainSerpentine, MaintainGait, UniformBody, Section No, AngleConstraint, RotationMultiplier, IsRotating, UseSin, IsDriving, DriveVelocity, Size, Mass, Section No, AngleConstraint, RotationMultiplier, IsRotating, UseSin, IsDriving, DriveVelocity, Size, Mass, Section No, AngleConstraint, RotationMultiplier, IsRotating, UseSin, IsDriving, DriveVelocity, Size, Mass, Section No, AngleConstraint, RotationMultiplier, IsRotating, UseSin, IsDriving, DriveVelocity, Size, Mass, Section No, AngleConstraint, RotationMultiplier, IsRotating, UseSin, IsDriving, DriveVelocity, Size, Mass, Section No, AngleConstraint, RotationMultiplier, IsRotating, UseSin, IsDriving, DriveVelocity, Size, Mass, Section No, AngleConstraint, RotationMultiplier, IsRotating, UseSin, IsDriving, DriveVelocity, Size, Mass, Section No, AngleConstraint, RotationMultiplier, IsRotating, UseSin, IsDriving, DriveVelocity, Size, Mass, Section No, AngleConstraint, RotationMultiplier, IsRotating, UseSin, IsDriving, DriveVelocity, Size, Mass, Section No, AngleConstraint, RotationMultiplier, IsRotating, UseSin, IsDriving, DriveVelocity, Size, Mass, Leg No, AttachedBody, Position, AngleConstraint, RotationMultiplier, Length, Mass, AngleOffset, GaitMultiplier, Leg No, AttachedBody, Position, AngleConstraint, RotationMultiplier, Length, Mass, AngleOffset, GaitMultiplier, Leg No, AttachedBody, Position, AngleConstraint, RotationMultiplier, Length, Mass, AngleOffset, GaitMultiplier, Leg No, AttachedBody, Position, AngleConstraint, RotationMultiplier, Length, Mass, AngleOffset, GaitMultiplier, Leg No, AttachedBody, Position, AngleConstraint, RotationMultiplier, Length, Mass, AngleOffset, GaitMultiplier, Leg No, AttachedBody, Position, AngleConstraint, RotationMultiplier, Length, Mass, AngleOffset, GaitMultiplier, Leg No, AttachedBody, Position, AngleConstraint, RotationMultiplier, Length, Mass, AngleOffset, GaitMultiplier, Leg No, AttachedBody, Position, AngleConstraint, RotationMultiplier, Length, Mass, AngleOffset, GaitMultiplier, Leg No, AttachedBody, Position, AngleConstraint, RotationMultiplier, Length, Mass, AngleOffset, GaitMultiplier, Leg No, AttachedBody, Position, AngleConstraint, RotationMultiplier, Length, Mass, AngleOffset, GaitMultiplier, Leg No, AttachedBody, Position, AngleConstraint, RotationMultiplier, Length, Mass, AngleOffset, GaitMultiplier, Leg No, AttachedBody, Position, AngleConstraint, RotationMultiplier, Length, Mass, AngleOffset, GaitMultiplier, Leg No, AttachedBody, Position, AngleConstraint, RotationMultiplier, Length, Mass, AngleOffset, GaitMultiplier, Leg No, AttachedBody, Position, AngleConstraint, RotationMultiplier, Length, Mass, AngleOffset, GaitMultiplier, Leg No, AttachedBody, Position, AngleConstraint, RotationMultiplier, Length, Mass, AngleOffset, GaitMultiplier, Leg No, AttachedBody, Position, AngleConstraint, RotationMultiplier, Length, Mass, AngleOffset, GaitMultiplier, Leg No, AttachedBody, Position, AngleConstraint, RotationMultiplier, Length, Mass, AngleOffset, GaitMultiplier, Leg No, AttachedBody, Position, AngleConstraint, RotationMultiplier, Length, Mass, AngleOffset, GaitMultiplier, Leg No, AttachedBody, Position, AngleConstraint, RotationMultiplier, Length, Mass, AngleOffset, GaitMultiplier, Leg No, AttachedBody, Position, AngleConstraint, RotationMultiplier, Length, Mass, AngleOffset, GaitMultiplier, Tail No, AngleConstraint, RotationMultiplier, TailMassMultiplier, Length, 
1, 50, True, 20, 2, 0.77, Performance, 0.31, Both, 9, 14, 67.95914, Uneven, 37, 1, 0, False, 17, True, False, True, 0, (90.1 - 179.0 - 0.5), (0.2 - 0.1 - 1.0), True, True, False, 1.466169, 1.468995, 1.010409, 1, -, -, -, -, -, -, -, -, 2, -, -, -, -, -, -, -, -, 3, -, -, -, -, -, -, -, -, 4, -, -, -, -, -, -, -, -, 5, -, -, -, -, -, -, -, -, 6, -, -, -, -, -, -, -, -, 7, -, -, -, -, -, -, -, -, 8, -, -, -, -, -, -, -, -, 9, -, -, -, -, -, -, -, -, 0, -, -, -, -, -, -, -, -, 1, -, -, -, -, -, -, -, -, 2, -, -, -, -, -, -, -, -, 3, -, -, -, -, -, -, -, -, 4, -, -, -, -, -, -, -, -, 5, -, -, -, -, -, -, -, -, 6, -, -, -, -, -, -, -, -, 7, -, -, -, -, -, -, -, -, 8, -, -, -, -, -, -, -, -, 9, -, -, -, -, -, -, -, -, 10, -, -, -, -, -, -, -, -, 11, -, -, -, -, -, -, -, -, 12, -, -, -, -, -, -, -, -, 13, -, -, -, -, -, -, -, -, 14, -, -, -, -, -, -, -, -, 15, -, -, -, -, -, -, -, -, 16, -, -, -, -, -, -, -, -, 17, -, -, -, -, -, -, -, -, 18, -, -, -, -, -, -, -, -, 19, -, -, -, -, -, -, -, -, 0, -, -, -, -, 

ATTEMPT, PopulationSize, RandomInitValues, Sensitivity, MutationCycle, RecombinationRate, RecombinationType, MutationRate, MutationType, SelectionSize, Version, Performance, Terrain, Robot No, NoSections, NoLegs, IsTailEnabled, BodyColour, MaintainSerpentine, MaintainGait, UniformBody, Section No, AngleConstraint, RotationMultiplier, IsRotating, UseSin, IsDriving, DriveVelocity, Size, Mass, Section No, AngleConstraint, RotationMultiplier, IsRotating, UseSin, IsDriving, DriveVelocity, Size, Mass, Section No, AngleConstraint, RotationMultiplier, IsRotating, UseSin, IsDriving, DriveVelocity, Size, Mass, Section No, AngleConstraint, RotationMultiplier, IsRotating, UseSin, IsDriving, DriveVelocity, Size, Mass, Section No, AngleConstraint, RotationMultiplier, IsRotating, UseSin, IsDriving, DriveVelocity, Size, Mass, Section No, AngleConstraint, RotationMultiplier, IsRotating, UseSin, IsDriving, DriveVelocity, Size, Mass, Section No, AngleConstraint, RotationMultiplier, IsRotating, UseSin, IsDriving, DriveVelocity, Size, Mass, Section No, AngleConstraint, RotationMultiplier, IsRotating, UseSin, IsDriving, DriveVelocity, Size, Mass, Section No, AngleConstraint, RotationMultiplier, IsRotating, UseSin, IsDriving, DriveVelocity, Size, Mass, Section No, AngleConstraint, RotationMultiplier, IsRotating, UseSin, IsDriving, DriveVelocity, Size, Mass, Leg No, AttachedBody, Position, AngleConstraint, RotationMultiplier, Length, Mass, AngleOffset, GaitMultiplier, Leg No, AttachedBody, Position, AngleConstraint, RotationMultiplier, Length, Mass, AngleOffset, GaitMultiplier, Leg No, AttachedBody, Position, AngleConstraint, RotationMultiplier, Length, Mass, AngleOffset, GaitMultiplier, Leg No, AttachedBody, Position, AngleConstraint, RotationMultiplier, Length, Mass, AngleOffset, GaitMultiplier, Leg No, AttachedBody, Position, AngleConstraint, RotationMultiplier, Length, Mass, AngleOffset, GaitMultiplier, Leg No, AttachedBody, Position, AngleConstraint, RotationMultiplier, Length, Mass, AngleOffset, GaitMultiplier, Leg No, AttachedBody, Position, AngleConstraint, RotationMultiplier, Length, Mass, AngleOffset, GaitMultiplier, Leg No, AttachedBody, Position, AngleConstraint, RotationMultiplier, Length, Mass, AngleOffset, GaitMultiplier, Leg No, AttachedBody, Position, AngleConstraint, RotationMultiplier, Length, Mass, AngleOffset, GaitMultiplier, Leg No, AttachedBody, Position, AngleConstraint, RotationMultiplier, Length, Mass, AngleOffset, GaitMultiplier, Leg No, AttachedBody, Position, AngleConstraint, RotationMultiplier, Length, Mass, AngleOffset, GaitMultiplier, Leg No, AttachedBody, Position, AngleConstraint, RotationMultiplier, Length, Mass, AngleOffset, GaitMultiplier, Leg No, AttachedBody, Position, AngleConstraint, RotationMultiplier, Length, Mass, AngleOffset, GaitMultiplier, Leg No, AttachedBody, Position, AngleConstraint, RotationMultiplier, Length, Mass, AngleOffset, GaitMultiplier, Leg No, AttachedBody, Position, AngleConstraint, RotationMultiplier, Length, Mass, AngleOffset, GaitMultiplier, Leg No, AttachedBody, Position, AngleConstraint, RotationMultiplier, Length, Mass, AngleOffset, GaitMultiplier, Leg No, AttachedBody, Position, AngleConstraint, RotationMultiplier, Length, Mass, AngleOffset, GaitMultiplier, Leg No, AttachedBody, Position, AngleConstraint, RotationMultiplier, Length, Mass, AngleOffset, GaitMultiplier, Leg No, AttachedBody, Position, AngleConstraint, RotationMultiplier, Length, Mass, AngleOffset, GaitMultiplier, Leg No, AttachedBody, Position, AngleConstraint, RotationMultiplier, Length, Mass, AngleOffset, GaitMultiplier, Tail No, AngleConstraint, RotationMultiplier, TailMassMultiplier, Length, 
1, 50, True, 20, 2, 0.77, Performance, 0.31, Both, 9, 9, 41.47656, Uneven, 21, 1, 0, False, 65, True, False, False, 0, (11.5 - 8.0 - 45.0), (0.4 - 0.9 - 0.6), True, True, True, 1.424813, 1.47116, 1.240837, 1, -, -, -, -, -, -, -, -, 2, -, -, -, -, -, -, -, -, 3, -, -, -, -, -, -, -, -, 4, -, -, -, -, -, -, -, -, 5, -, -, -, -, -, -, -, -, 6, -, -, -, -, -, -, -, -, 7, -, -, -, -, -, -, -, -, 8, -, -, -, -, -, -, -, -, 9, -, -, -, -, -, -, -, -, 0, -, -, -, -, -, -, -, -, 1, -, -, -, -, -, -, -, -, 2, -, -, -, -, -, -, -, -, 3, -, -, -, -, -, -, -, -, 4, -, -, -, -, -, -, -, -, 5, -, -, -, -, -, -, -, -, 6, -, -, -, -, -, -, -, -, 7, -, -, -, -, -, -, -, -, 8, -, -, -, -, -, -, -, -, 9, -, -, -, -, -, -, -, -, 10, -, -, -, -, -, -, -, -, 11, -, -, -, -, -, -, -, -, 12, -, -, -, -, -, -, -, -, 13, -, -, -, -, -, -, -, -, 14, -, -, -, -, -, -, -, -, 15, -, -, -, -, -, -, -, -, 16, -, -, -, -, -, -, -, -, 17, -, -, -, -, -, -, -, -, 18, -, -, -, -, -, -, -, -, 19, -, -, -, -, -, -, -, -, 0, -, -, -, -, 

ATTEMPT, PopulationSize, RandomInitValues, Sensitivity, MutationCycle, RecombinationRate, RecombinationType, MutationRate, MutationType, SelectionSize, Version, Performance, Terrain, Robot No, NoSections, NoLegs, IsTailEnabled, BodyColour, MaintainSerpentine, MaintainGait, UniformBody, Section No, AngleConstraint, RotationMultiplier, IsRotating, UseSin, IsDriving, DriveVelocity, Size, Mass, Section No, AngleConstraint, RotationMultiplier, IsRotating, UseSin, IsDriving, DriveVelocity, Size, Mass, Section No, AngleConstraint, RotationMultiplier, IsRotating, UseSin, IsDriving, DriveVelocity, Size, Mass, Section No, AngleConstraint, RotationMultiplier, IsRotating, UseSin, IsDriving, DriveVelocity, Size, Mass, Section No, AngleConstraint, RotationMultiplier, IsRotating, UseSin, IsDriving, DriveVelocity, Size, Mass, Section No, AngleConstraint, RotationMultiplier, IsRotating, UseSin, IsDriving, DriveVelocity, Size, Mass, Section No, AngleConstraint, RotationMultiplier, IsRotating, UseSin, IsDriving, DriveVelocity, Size, Mass, Section No, AngleConstraint, RotationMultiplier, IsRotating, UseSin, IsDriving, DriveVelocity, Size, Mass, Section No, AngleConstraint, RotationMultiplier, IsRotating, UseSin, IsDriving, DriveVelocity, Size, Mass, Section No, AngleConstraint, RotationMultiplier, IsRotating, UseSin, IsDriving, DriveVelocity, Size, Mass, Leg No, AttachedBody, Position, AngleConstraint, RotationMultiplier, Length, Mass, AngleOffset, GaitMultiplier, Leg No, AttachedBody, Position, AngleConstraint, RotationMultiplier, Length, Mass, AngleOffset, GaitMultiplier, Leg No, AttachedBody, Position, AngleConstraint, RotationMultiplier, Length, Mass, AngleOffset, GaitMultiplier, Leg No, AttachedBody, Position, AngleConstraint, RotationMultiplier, Length, Mass, AngleOffset, GaitMultiplier, Leg No, AttachedBody, Position, AngleConstraint, RotationMultiplier, Length, Mass, AngleOffset, GaitMultiplier, Leg No, AttachedBody, Position, AngleConstraint, RotationMultiplier, Length, Mass, AngleOffset, GaitMultiplier, Leg No, AttachedBody, Position, AngleConstraint, RotationMultiplier, Length, Mass, AngleOffset, GaitMultiplier, Leg No, AttachedBody, Position, AngleConstraint, RotationMultiplier, Length, Mass, AngleOffset, GaitMultiplier, Leg No, AttachedBody, Position, AngleConstraint, RotationMultiplier, Length, Mass, AngleOffset, GaitMultiplier, Leg No, AttachedBody, Position, AngleConstraint, RotationMultiplier, Length, Mass, AngleOffset, GaitMultiplier, Leg No, AttachedBody, Position, AngleConstraint, RotationMultiplier, Length, Mass, AngleOffset, GaitMultiplier, Leg No, AttachedBody, Position, AngleConstraint, RotationMultiplier, Length, Mass, AngleOffset, GaitMultiplier, Leg No, AttachedBody, Position, AngleConstraint, RotationMultiplier, Length, Mass, AngleOffset, GaitMultiplier, Leg No, AttachedBody, Position, AngleConstraint, RotationMultiplier, Length, Mass, AngleOffset, GaitMultiplier, Leg No, AttachedBody, Position, AngleConstraint, RotationMultiplier, Length, Mass, AngleOffset, GaitMultiplier, Leg No, AttachedBody, Position, AngleConstraint, RotationMultiplier, Length, Mass, AngleOffset, GaitMultiplier, Leg No, AttachedBody, Position, AngleConstraint, RotationMultiplier, Length, Mass, AngleOffset, GaitMultiplier, Leg No, AttachedBody, Position, AngleConstraint, RotationMultiplier, Length, Mass, AngleOffset, GaitMultiplier, Leg No, AttachedBody, Position, AngleConstraint, RotationMultiplier, Length, Mass, AngleOffset, GaitMultiplier, Leg No, AttachedBody, Position, AngleConstraint, RotationMultiplier, Length, Mass, AngleOffset, GaitMultiplier, Tail No, AngleConstraint, RotationMultiplier, TailMassMultiplier, Length, 
1, 50, True, 20, 2, 0.77, Performance, 0.31, Both, 9, 8, 92.9513, Uneven, 6, 1, 0, False, 79, True, False, True, 0, (126.2 - 80.3 - 81.4), (0.3 - 0.2 - 0.9), True, True, False, 0.2734298, 1.403025, 0.7176687, 1, -, -, -, -, -, -, -, -, 2, -, -, -, -, -, -, -, -, 3, -, -, -, -, -, -, -, -, 4, -, -, -, -, -, -, -, -, 5, -, -, -, -, -, -, -, -, 6, -, -, -, -, -, -, -, -, 7, -, -, -, -, -, -, -, -, 8, -, -, -, -, -, -, -, -, 9, -, -, -, -, -, -, -, -, 0, -, -, -, -, -, -, -, -, 1, -, -, -, -, -, -, -, -, 2, -, -, -, -, -, -, -, -, 3, -, -, -, -, -, -, -, -, 4, -, -, -, -, -, -, -, -, 5, -, -, -, -, -, -, -, -, 6, -, -, -, -, -, -, -, -, 7, -, -, -, -, -, -, -, -, 8, -, -, -, -, -, -, -, -, 9, -, -, -, -, -, -, -, -, 10, -, -, -, -, -, -, -, -, 11, -, -, -, -, -, -, -, -, 12, -, -, -, -, -, -, -, -, 13, -, -, -, -, -, -, -, -, 14, -, -, -, -, -, -, -, -, 15, -, -, -, -, -, -, -, -, 16, -, -, -, -, -, -, -, -, 17, -, -, -, -, -, -, -, -, 18, -, -, -, -, -, -, -, -, 19, -, -, -, -, -, -, -, -, 0, -, -, -, -, 

ATTEMPT, PopulationSize, RandomInitValues, Sensitivity, MutationCycle, RecombinationRate, RecombinationType, MutationRate, MutationType, SelectionSize, Version, Performance, Terrain, Robot No, NoSections, NoLegs, IsTailEnabled, BodyColour, MaintainSerpentine, MaintainGait, UniformBody, Section No, AngleConstraint, RotationMultiplier, IsRotating, UseSin, IsDriving, DriveVelocity, Size, Mass, Section No, AngleConstraint, RotationMultiplier, IsRotating, UseSin, IsDriving, DriveVelocity, Size, Mass, Section No, AngleConstraint, RotationMultiplier, IsRotating, UseSin, IsDriving, DriveVelocity, Size, Mass, Section No, AngleConstraint, RotationMultiplier, IsRotating, UseSin, IsDriving, DriveVelocity, Size, Mass, Section No, AngleConstraint, RotationMultiplier, IsRotating, UseSin, IsDriving, DriveVelocity, Size, Mass, Section No, AngleConstraint, RotationMultiplier, IsRotating, UseSin, IsDriving, DriveVelocity, Size, Mass, Section No, AngleConstraint, RotationMultiplier, IsRotating, UseSin, IsDriving, DriveVelocity, Size, Mass, Section No, AngleConstraint, RotationMultiplier, IsRotating, UseSin, IsDriving, DriveVelocity, Size, Mass, Section No, AngleConstraint, RotationMultiplier, IsRotating, UseSin, IsDriving, DriveVelocity, Size, Mass, Section No, AngleConstraint, RotationMultiplier, IsRotating, UseSin, IsDriving, DriveVelocity, Size, Mass, Leg No, AttachedBody, Position, AngleConstraint, RotationMultiplier, Length, Mass, AngleOffset, GaitMultiplier, Leg No, AttachedBody, Position, AngleConstraint, RotationMultiplier, Length, Mass, AngleOffset, GaitMultiplier, Leg No, AttachedBody, Position, AngleConstraint, RotationMultiplier, Length, Mass, AngleOffset, GaitMultiplier, Leg No, AttachedBody, Position, AngleConstraint, RotationMultiplier, Length, Mass, AngleOffset, GaitMultiplier, Leg No, AttachedBody, Position, AngleConstraint, RotationMultiplier, Length, Mass, AngleOffset, GaitMultiplier, Leg No, AttachedBody, Position, AngleConstraint, RotationMultiplier, Length, Mass, AngleOffset, GaitMultiplier, Leg No, AttachedBody, Position, AngleConstraint, RotationMultiplier, Length, Mass, AngleOffset, GaitMultiplier, Leg No, AttachedBody, Position, AngleConstraint, RotationMultiplier, Length, Mass, AngleOffset, GaitMultiplier, Leg No, AttachedBody, Position, AngleConstraint, RotationMultiplier, Length, Mass, AngleOffset, GaitMultiplier, Leg No, AttachedBody, Position, AngleConstraint, RotationMultiplier, Length, Mass, AngleOffset, GaitMultiplier, Leg No, AttachedBody, Position, AngleConstraint, RotationMultiplier, Length, Mass, AngleOffset, GaitMultiplier, Leg No, AttachedBody, Position, AngleConstraint, RotationMultiplier, Length, Mass, AngleOffset, GaitMultiplier, Leg No, AttachedBody, Position, AngleConstraint, RotationMultiplier, Length, Mass, AngleOffset, GaitMultiplier, Leg No, AttachedBody, Position, AngleConstraint, RotationMultiplier, Length, Mass, AngleOffset, GaitMultiplier, Leg No, AttachedBody, Position, AngleConstraint, RotationMultiplier, Length, Mass, AngleOffset, GaitMultiplier, Leg No, AttachedBody, Position, AngleConstraint, RotationMultiplier, Length, Mass, AngleOffset, GaitMultiplier, Leg No, AttachedBody, Position, AngleConstraint, RotationMultiplier, Length, Mass, AngleOffset, GaitMultiplier, Leg No, AttachedBody, Position, AngleConstraint, RotationMultiplier, Length, Mass, AngleOffset, GaitMultiplier, Leg No, AttachedBody, Position, AngleConstraint, RotationMultiplier, Length, Mass, AngleOffset, GaitMultiplier, Leg No, AttachedBody, Position, AngleConstraint, RotationMultiplier, Length, Mass, AngleOffset, GaitMultiplier, Tail No, AngleConstraint, RotationMultiplier, TailMassMultiplier, Length, 
2, 50, True, 20, 2, 0.77, Performance, 0.31, Both, 9, 8, 99.1631, Uneven, 28, 1, 0, False, 102, True, True, True, 0, (161.8 - 13.6 - 93.6), (0.8 - 0.1 - 0.5), True, True, False, 1.04481, 1.488048, 1.117694, 1, -, -, -, -, -, -, -, -, 2, -, -, -, -, -, -, -, -, 3, -, -, -, -, -, -, -, -, 4, -, -, -, -, -, -, -, -, 5, -, -, -, -, -, -, -, -, 6, -, -, -, -, -, -, -, -, 7, -, -, -, -, -, -, -, -, 8, -, -, -, -, -, -, -, -, 9, -, -, -, -, -, -, -, -, 0, -, -, -, -, -, -, -, -, 1, -, -, -, -, -, -, -, -, 2, -, -, -, -, -, -, -, -, 3, -, -, -, -, -, -, -, -, 4, -, -, -, -, -, -, -, -, 5, -, -, -, -, -, -, -, -, 6, -, -, -, -, -, -, -, -, 7, -, -, -, -, -, -, -, -, 8, -, -, -, -, -, -, -, -, 9, -, -, -, -, -, -, -, -, 10, -, -, -, -, -, -, -, -, 11, -, -, -, -, -, -, -, -, 12, -, -, -, -, -, -, -, -, 13, -, -, -, -, -, -, -, -, 14, -, -, -, -, -, -, -, -, 15, -, -, -, -, -, -, -, -, 16, -, -, -, -, -, -, -, -, 17, -, -, -, -, -, -, -, -, 18, -, -, -, -, -, -, -, -, 19, -, -, -, -, -, -, -, -, 0, -, -, -, -, 
